肖申克的救赎 The Shawshank Redemption,9.6
这个杀手不太冷 Léon,9.4
盗梦空间 Inception,9.2
阿甘正传 Forrest Gump,9.4
泰坦尼克号 Titanic,9.2
千与千寻 千と千尋の神隠し,9.2
三傻大闹宝莱坞 3 Idiots,9.1
霸王别姬,9.5
海上钢琴师 La leggenda del pianista sull'oceano,9.2
让子弹飞,8.7
当幸福来敲门 The Pursuit of Happyness,8.9
少年派的奇幻漂流 Life of Pi,9.0
怦然心动 Flipped,8.9
阿凡达 Avatar,8.6
天使爱美丽 Le fabuleux destin d'Amélie Poulain,8.7
剪刀手爱德华 Edward Scissorhands,8.7
大话西游之大圣娶亲 西遊記大結局之仙履奇緣,9.2
那些年，我们一起追的女孩 那些年，我們一起追的女孩,8.1
飞屋环游记 Up,8.9
机器人总动员 WALL·E,9.3
放牛班的春天 Les choristes,9.2
楚门的世界 The Truman Show,9.1
忠犬八公的故事 Hachi: A Dog's Tale,9.2
初恋这件小事 สิ่งเล็กเล็กที่เรียกว่า...รัก,8.2
七宗罪 Se7en,8.7
龙猫 となりのトトロ,9.1
星际穿越 Interstellar,9.1
疯狂动物城 Zootopia,9.2
无间道 無間道,9.0
美丽人生 La vita è bella,9.5
大话西游之月光宝盒 西遊記第壹佰零壹回之月光寶盒,8.9
罗马假日 Roman Holiday,8.9
黑天鹅 Black Swan,8.5
贫民窟的百万富翁 Slumdog Millionaire,8.5
V字仇杀队 V for Vendetta,8.8
辛德勒的名单 Schindler's List,9.4
人再囧途之泰囧,7.4
本杰明·巴顿奇事 The Curious Case of Benjamin Button,8.7
情书 Love Letter,8.8
蝴蝶效应 The Butterfly Effect,8.7
源代码 Source Code,8.3
失恋33天,7.3
沉默的羔羊 The Silence of the Lambs,8.7
教父 The Godfather,9.2
西西里的美丽传说 Malèna,8.7
加勒比海盗 Pirates of the Caribbean: The Curse of the Black Pearl,8.6
哈尔的移动城堡 ハウルの動く城,8.9
神偷奶爸 Despicable Me,8.5
触不可及 Intouchables,9.1
天空之城 天空の城ラピュタ,9.0
你的名字。 君の名は。,8.5
禁闭岛 Shutter Island,8.6
北京遇上西雅图,7.4
老炮儿,7.9
美人鱼,6.8
重庆森林 重慶森林,8.6
疯狂原始人 The Croods,8.7
低俗小说 Pulp Fiction,8.8
穿普拉达的女王 The Devil Wears Prada,7.9
后会无期,7.1
闻香识女人 Scent of a Woman,8.9
摔跤吧！爸爸 Dangal,9.1
致命魔术 The Prestige,8.8
断背山 Brokeback Mountain,8.6
国王的演讲 The King's Speech,8.3
唐伯虎点秋香 唐伯虎點秋香,8.4
天堂电影院 Nuovo Cinema Paradiso,9.1
告白,8.7
志明与春娇 志明與春嬌,8.0
两小无猜 Jeux d'enfants,8.1
勇敢的心 Braveheart,8.8
西游降魔篇,7.1
战狼2,7.4
中国合伙人,7.6
西游记之大圣归来,8.2
超能陆战队 Big Hero 6,8.6
美丽心灵 A Beautiful Mind,8.9
指环王1：魔戒再现 The Lord of the Rings: The Fellowship of the Ring,8.9
入殓师 おくりびと,8.8
蝙蝠侠：黑暗骑士 The Dark Knight,9.0
喜剧之王 喜劇之王,8.5
疯狂的石头,8.2
消失的爱人 Gone Girl,8.7
夏洛特烦恼,7.4
致我们终将逝去的青春,6.6
傲慢与偏见 Pride & Prejudice,8.4
致命ID Identity,8.6
狮子王 The Lion King,8.9
功夫熊猫 Kung Fu Panda,7.9
釜山行 부산행,8.2
指环王3：王者无敌 The Lord of the Rings: The Return of the King,9.1
真爱至上 Love Actually,8.5
岁月神偷 歲月神偷,8.6
复仇者联盟 The Avengers,8.0
和莎莫的500天 (500) Days of Summer,8.0
黑客帝国 The Matrix,8.8
湄公河行动,8.0
乱世佳人 Gone with the Wind,9.2
恐怖游轮 Triangle,8.3
王牌特工：特工学院 Kingsman: The Secret Service,8.4
金陵十三钗,8.0
飞越疯人院 One Flew Over the Cuckoo's Nest,9.0
寻龙诀,7.5
射雕英雄传之东成西就 射鵰英雄傳之東成西就,8.7
人在囧途,7.4
阳光灿烂的日子,8.7
指环王2：双塔奇兵 The Lord of the Rings: The Two Towers,8.9
2012,7.7
冰川时代 Ice Age,8.4
蓝色大门 藍色大門,8.3
恋恋笔记本 The Notebook,8.5
朗读者 The Reader,8.5
布达佩斯大饭店 The Grand Budapest Hotel,8.7
死亡诗社 Dead Poets Society,8.9
秒速5厘米 秒速5センチメートル,8.3
暮光之城 Twilight,7.3
活着,9.1
一天 One Day,7.8
我的野蛮女友 엽기적인 그녀,8.1
功夫,7.9
听说 聽說,8.1
两杆大烟枪 Lock, Stock and Two Smoking Barrels,9.0
记忆碎片 Memento,8.5
香水 Perfume: The Story of a Murderer,8.4
蝙蝠侠：黑暗骑士崛起 The Dark Knight Rises,8.5
心灵捕手 Good Will Hunting,8.7
东邪西毒 東邪西毒,8.6
爱乐之城 La La Land,8.3
他其实没那么喜欢你 He's Just Not That Into You,7.7
驯龙高手 How to Train Your Dragon,8.7
冰雪奇缘 Frozen,8.3
被嫌弃的松子的一生 嫌われ松子の一生,8.9
哈利·波特与死亡圣器(下) Harry Potter and the Deathly Hallows: Part 2,8.6
史密斯夫妇 Mr. & Mrs. Smith,7.6
倩女幽魂,8.6
非诚勿扰,7.1
春娇与志明 春嬌與志明,7.3
火星救援 The Martian,8.4
不能说的秘密 不能說的·祕密,7.6
一代宗师 一代宗師,7.7
社交网络 The Social Network,8.1
哈利·波特与魔法石 Harry Potter and the Sorcerer's Stone,8.7
功夫熊猫2 Kung Fu Panda 2,8.0
画皮 畫皮,6.5
花样年华 花樣年華,8.5
风声,8.0
阳光姐妹淘 써니,8.8
猜火车 Trainspotting,8.5
驴得水,8.3
云图 Cloud Atlas,8.0
春光乍泄 春光乍洩,8.8
色，戒,8.1
大鱼 Big Fish,8.7
音乐之声 The Sound of Music,8.9
拯救大兵瑞恩 Saving Private Ryan,8.9
变形金刚 Transformers,8.1
血战钢锯岭 Hacksaw Ridge,8.7
碟中谍4 Mission: Impossible - Ghost Protocol,8.2
了不起的盖茨比 The Great Gatsby,7.7
无人区,8.1
甜蜜蜜,8.7
我的少女时代 我的少女時代,7.8
幽灵公主 もののけ姫,8.8
乘风破浪,6.8
被解救的姜戈 Django Unchained,8.5
天下无贼,7.7
鬼子来了,9.2
怪兽电力公司 Monsters, Inc.,8.6
非诚勿扰2,6.5
幸福终点站 The Terminal,8.6
假如爱有天意 클래식,8.2
穆赫兰道 Mulholland Dr.,8.3
速度与激情7 Furious 7,8.3
第六感 The Sixth Sense,8.8
猩球崛起 Rise of the Planet of the Apes,8.0
惊天魔盗团 Now You See Me,7.5
环太平洋 Pacific Rim,7.6
X战警：逆转未来 X-Men: Days of Future Past,8.2
亲爱的,8.3
心花路放,7.0
捉妖记,6.8
单身男女 單身男女,6.8
青蛇,8.4
玛丽和马克思 Mary and Max,8.9
爱在暹罗 รักแห่งสยาม,8.3
地心引力 Gravity,7.8
变脸 Face/Off,8.4
小时代,4.7
窃听风暴 Das Leben der Anderen,9.1
七月与安生,7.6
雨人 Rain Man,8.6
第九区 District 9,8.2
变形金刚2 Transformers: Revenge of the Fallen,7.6
神奇动物在哪里 Fantastic Beasts and Where to Find Them,7.8
超体 Lucy,7.0
模仿游戏 The Imitation Game,8.5
银河护卫队 Guardians of the Galaxy,8.0
爱在黎明破晓前 Before Sunrise,8.7
僵尸新娘 Corpse Bride,8.1
明日边缘 Edge of Tomorrow,8.0
猫鼠游戏 Catch Me If You Can,8.7
钢铁侠 Iron Man,7.8
神偷奶爸2 Despicable Me 2,8.0
后天 The Day After Tomorrow,8.0
借东西的小人阿莉埃蒂 借りぐらしのアリエッティ,8.7
宝贝计划 寶貝計劃,7.1
全城热恋,6.3
烈日灼心,7.9
里约大冒险 Rio,8.3
速度与激情5 Fast Five,8.4
霍比特人1：意外之旅 The Hobbit: An Unexpected Journey,8.1
萤火虫之墓 火垂るの墓,8.7
无耻混蛋 Inglourious Basterds,8.4
海角七号 海角七號,7.5
看不见的客人 Contratiempo,8.7
唐人街探案,7.4
十月围城,7.7
钢琴家 The Pianist,9.0
11度青春之《老男孩》,8.5
查理和巧克力工厂 Charlie and the Chocolate Factory,7.9
奇异博士 Doctor Strange,7.7
爆裂鼓手 Whiplash,8.6
加勒比海盗2：聚魂棺 Pirates of the Caribbean: Dead Man's Chest,8.1
搜索,7.3
曾经 Once,8.3
爱丽丝梦游仙境 Alice in Wonderland,7.0
变形金刚3 Transformers: Dark of the Moon,7.0
海底总动员 Finding Nemo,8.2
艋舺,7.7
教父2 The Godfather: Part Ⅱ,9.1
她 Her,8.3
寒战 寒戰,7.4
小鬼当家 Home Alone,8.1
神探夏洛克 第一季 Sherlock Season 1,9.3
魔女宅急便 魔女の宅急便,8.4
初恋50次 50 First Dates,7.9
唐山大地震,7.4
加勒比海盗4：惊涛怪浪 Pirates of the Caribbean: On Stranger Tides,7.5
饥饿游戏 The Hunger Games,6.7
悲惨世界 Les Misérables,8.5
夜访吸血鬼 Interview with the Vampire: The Vampire Chronicles,8.3
爱在日落黄昏时 Before Sunset,8.7
可可西里,8.7
叶问 葉問,7.5
饮食男女 飲食男女,9.0
大鱼海棠,6.6
新龙门客栈 新龍門客棧,8.4
食神,7.8
我是传奇 I Am Legend,7.8
美国队长2 Captain America: The Winter Soldier,7.9
诺丁山 Notting Hill,7.9
恐怖直播 더 테러 라이브,8.7
九品芝麻官,8.1
钢铁侠3 Iron Man 3,7.5
山楂树之恋,6.6
加勒比海盗3：世界的尽头 Pirates of the Caribbean: At World's End,8.0
雏菊 데이지,8.0
发条橙 A Clockwork Orange,8.4
谍影重重 The Bourne Identity,8.5
杀死比尔 Kill Bill: Vol. 1,8.1
桃姐,8.2
孤儿怨 Orphan,8.1
长城 The Great Wall,4.9
人工智能 Artificial Intelligence: AI,8.6
爱 愛,7.0
玩具总动员3 Toy Story 3,8.8
美国队长3 Captain America: Civil War,7.7
公主日记 The Princess Diaries,7.5
港囧,5.6
阿飞正传 阿飛正傳,8.5
敦刻尔克 Dunkirk,8.6
复仇者联盟2：奥创纪元 Avengers: Age of Ultron,7.1
智取威虎山,7.7
长江七号,6.3
头脑特工队 Inside Out,8.7
美国丽人 American Beauty,8.4
将爱情进行到底,6.6
风之谷 風の谷のナウシカ,8.8
西游伏妖篇,5.6
大侦探福尔摩斯 Sherlock Holmes,7.5
谍影重重3 The Bourne Ultimatum,8.7
哈利·波特与密室 Harry Potter and the Chamber of Secrets,8.2
辩护人 변호인,9.1
美国往事 Once Upon a Time in America,9.1
煎饼侠,6.0
金刚 King Kong,7.8
金刚狼3：殊死一战 Logan,8.3
英国病人 The English Patient,8.4
菊次郎的夏天 菊次郎の夏,8.7
侏罗纪世界 Jurassic World,7.6
催眠大师,7.6
疯狂的麦克斯4：狂暴之路 Mad Max: Fury Road,8.5
泰迪熊 Ted,7.0
绣春刀,7.5
晚秋 만추,6.9
海豚湾 The Cove,9.3
荒野猎人 The Revenant,7.8
穿越时空的少女 時をかける少女,8.6
卧虎藏龙 臥虎藏龍,7.9
朱诺 Juno,7.9
滚蛋吧！肿瘤君,7.4
霍比特人2：史矛革之战 The Hobbit: The Desolation of Smaug,8.2
战争之王 Lord of War,8.5
普罗米修斯 Prometheus,7.2
悬崖上的金鱼姬 崖の上のポニョ,8.2
怪兽大学 Monsters University,8.0
变形金刚4：绝迹重生 Transformers: Age of Extinction,6.5
哈利·波特与死亡圣器(上) Harry Potter and the Deathly Hallows: Part 1,7.8
霍比特人3：五军之战 The Hobbit: The Battle of the Five Armies,8.2
X战警：第一战 X-Men: First Class,8.1
十二生肖,6.7
撞车 Crash,8.6
杜拉拉升职记,5.6
西雅图未眠夜 Sleepless in Seattle,7.9
时空恋旅人 About Time,8.6
黑镜 第一季 Black Mirror Season 1,9.3
窃听风云 竊聽風雲,7.4
蜘蛛侠 Spider-Man,7.4
大内密探零零发 大內密探零零發,7.6
李米的猜想,7.7
美食总动员 Ratatouille,8.2
哈利·波特与阿兹卡班的囚徒 Harry Potter and the Prisoner of Azkaban,8.2
比利·林恩的中场战事 Billy Lynn's Long Halftime Walk,8.4
黑衣人3 Men in Black III,7.5
时间旅行者的妻子 The Time Traveler's Wife,7.7
X战警：天启 X-Men: Apocalypse,7.8
疯狂的赛车,7.9
十二怒汉 12 Angry Men,9.4
侧耳倾听 耳をすませば,8.8
蚁人 Ant-Man,7.6
神探夏洛克  第二季 Sherlock Season 2,9.5
哈利·波特与火焰杯 Harry Potter and the Goblet of Fire,8.1
解救吾先生,7.8
龙门飞甲,6.7
午夜巴黎 Midnight in Paris,8.2
钢的琴,8.3
前度,7.1
侏罗纪公园 Jurassic Park,7.9
神奇女侠 Wonder Woman,7.1
无敌破坏王 Wreck-It Ralph,8.6
如果·爱,7.6
这个男人来自地球 The Man from Earth,8.5
国产凌凌漆 國產凌凌漆,8.1
生活大爆炸  第一季 The Big Bang Theory Season 1,9.4
重返20岁,7.2
素媛 소원,9.1
末代皇帝 The Last Emperor,8.9
E.T. 外星人 E.T.: The Extra-Terrestrial,8.5
超脱 Detachment,8.8
私人订制,5.6
恋空,7.0
午夜巴塞罗那 Vicky Cristina Barcelona,7.8
降临 Arrival,7.7
成为简·奥斯汀 Becoming Jane,8.2
罗曼蒂克消亡史,7.7
无间道2 無間道II,8.3
罗拉快跑 Lola rennt,8.1
上帝之城 Cidade de Deus,8.9
英雄本色,8.7
007：大破天幕杀机 Skyfall,6.9
非常完美,6.0
谍影重重2 The Bourne Supremacy,8.5
我脑中的橡皮擦 내 머리 속의 지우개,7.8
少林足球,7.3
暮光之城2：新月 The Twilight Saga: New Moon,6.5
归来,7.7
分手大师,5.0
羞羞的铁拳,7.3
黑客帝国3：矩阵革命 The Matrix Revolutions,8.5
黑衣人 Men in Black,7.9
阳光小美女 Little Miss Sunshine,8.2
画皮2 畫皮Ⅱ,5.9
哈利·波特与凤凰社 Harry Potter and the Order of the Phoenix,7.7
哈利·波特与混血王子 Harry Potter and the Half-Blood Prince,7.3
一一,8.9
血钻 Blood Diamond,8.5
一步之遥,6.3
变相怪杰 The Mask,7.8
逃离德黑兰 Argo,8.2
魔兽 Warcraft,7.7
你看起来好像很好吃 おまえうまそうだな,8.8
碟中谍5：神秘国度 Mission: Impossible - Rogue Nation,7.7
7号房的礼物 7번방의 선물,8.6
海盗电台 The Boat That Rocked,8.6
万能钥匙 The Skeleton Key,7.8
钢铁侠2 Iron Man 2,7.1
银河护卫队2 Guardians of the Galaxy Vol. 2,8.1
窃听风云2,7.5
速度与激情8 The Fate of the Furious,7.1
燃情岁月 Legends of the Fall,8.7
火锅英雄,7.2
死神来了 Final Destination,7.7
我的个神啊 PK,8.3
冰川时代3 Ice Age: Dawn of the Dinosaurs,8.2
独自等待,8.1
海扁王 Kick-Ass,7.5
白日焰火,7.1
权力的游戏 第一季 Game of Thrones Season 1,9.3
珍珠港 Pearl Harbor,7.8
功夫熊猫3 Kung Fu Panda 3,7.7
达·芬奇密码 The Da Vinci Code,7.2
花与爱丽丝 花とアリス,8.1
宿醉 The Hangover,7.6
达拉斯买家俱乐部 Dallas Buyers Club,8.6
人鬼情未了 Ghost,8.2
铁甲钢拳 Real Steel,8.1
观音山,7.1
纵横四海 緃横四海,8.7
在云端 Up in the Air,7.9
冰川时代2：融冰之灾 Ice Age: The Meltdown,8.0
雪国列车 설국열차,7.2
彗星来的那一夜 Coherence,8.4
终结者2：审判日 Terminator 2: Judgment Day,8.5
龙纹身的女孩 The Girl with the Dragon Tattoo,8.0
战马 War Horse,8.0
萤火之森 蛍火の杜へ,8.7
狄仁杰之通天帝国,6.4
猩球崛起2：黎明之战 Dawn of the Planet of the Apes,7.5
头文字D 頭文字D,6.9
武状元苏乞儿,7.4
鹿鼎记 鹿鼎記,7.8
黑客帝国2：重装上阵 The Matrix Reloaded,8.4
重返十七岁 17 Again,7.2
玩具总动员 Toy Story,8.1
厨子戏子痞子,7.0
水果硬糖 Hard Candy,7.4
再次出发之纽约遇见你 Begin Again,8.5
同桌的妳,5.8
勇闯夺命岛 The Rock,8.5
博物馆奇妙夜 Night at the Museum,7.2
新警察故事,7.2
X战警 X-Men,7.6
赎罪 Atonement,8.2
魂断蓝桥 Waterloo Bridge,8.8
关于莉莉周的一切 リリイ·シュシュのすべて,7.8
寂静岭 Silent Hill,7.5
爱情呼叫转移,6.3
听风者,6.8
金刚狼 X-Men Origins: Wolverine,7.2
速度与激情6 Furious 6,7.7
我，机器人 I, Robot,7.9
加勒比海盗5：死无对证 Pirates of the Caribbean: Dead Men Tell No Tales,7.3
老男孩 올드보이,8.2
甲方乙方,8.2
冰川时代4 Ice Age: Continental Drift,8.0
小鞋子 بچههای آسمان,9.2
死侍 Deadpool,7.5
教父3 The Godfather: Part III,8.7
迷失东京 Lost in Translation,7.7
河东狮吼 我家有一隻河東獅,6.7
叶问2：宗师传奇,7.2
超凡蜘蛛侠 The Amazing Spider-Man,7.2
独立日 Independence Day,7.9
暖暖内含光 Eternal Sunshine of the Spotless Mind,8.4
海边的曼彻斯特 Manchester by the Sea,8.6
大侦探福尔摩斯2：诡影游戏 Sherlock Holmes: A Game of Shadows,7.5
胭脂扣,8.3
麦兜故事 麥兜故事,8.5
星际迷航2：暗黑无界 Star Trek Into Darkness,7.9
2046,7.4
迷雾 The Mist,7.8
穿条纹睡衣的男孩 The Boy in the Striped Pajamas,8.9
哆啦A梦：伴我同行 STAND BY ME ドラえもん,7.9
从你的全世界路过,5.3
美国队长 Captain America: The First Avenger,6.5
喜宴,8.8
英雄,6.8
心迷宫,8.6
门徒 門徒,7.5
BJ单身日记 Bridget Jones's Diary,7.5
鸟人 Birdman or (The Unexpected Virtue of Ignorance),7.9
超人总动员 The Incredibles,7.9
荒岛余生 Cast Away,8.5
奇幻森林 The Jungle Book,7.8
碟中谍 Mission: Impossible,7.9
逃学威龙 逃學威龍,7.5
无间道3：终极无间 無間道III 終極無間,7.8
神话,6.2
北京遇上西雅图之不二情书,6.5
神探夏洛克 第三季 Sherlock Season 3,8.8
天下无双,7.0
全民目击,7.6
美女与野兽 Beauty and the Beast,7.2
匆匆那年,5.3
华尔街之狼 The Wolf of Wall Street,7.6
爱情与灵药 Love & Other Drugs,7.0
神探夏洛克：可恶的新娘 Sherlock: The Abominable Bride,6.9
一九四二,7.3
角斗士 Gladiator,8.4
第五元素 The Fifth Element,7.9
武林外传,6.4
狼图腾,6.9
蝙蝠侠：侠影之谜 Batman Begins,8.2
乌云背后的幸福线 Silver Linings Playbook,7.7
怪物史瑞克 Shrek,7.8
全民超人汉考克 Hancock,6.7
饥饿游戏2：星火燎原 The Hunger Games: Catching Fire,7.3
第36个故事,7.7
卡萨布兰卡 Casablanca,8.6
白日梦想家 The Secret Life of Walter Mitty,8.3
老无所依 No Country for Old Men,8.0
越狱 第一季 Prison Break Season 1,9.2
月球 Moon,8.5
我不是潘金莲,6.7
致命伴旅 The Tourist,6.6
绣春刀II：修罗战场,7.4
师父,8.1
小时代2：青木时代,4.9
完美陌生人 Perfetti sconosciuti,8.6
X战警2 X2,7.6
天使之城 City of Angels,7.9
垫底辣妹 ビリギャル,8.1
赤壁(上),6.3
巴黎，我爱你 Paris, je t'aime,8.3
夜·店,6.6
请回答1988 응답하라 1988,9.6
女朋友○男朋友,7.5
一条狗的使命 A Dog's Purpose,7.7
心慌方 Cube,7.9
罗生门 羅生門,8.7
寒战2 寒戰II,6.9
黄金大劫案,6.8
荒野生存 Into the Wild,8.6
房间 Room,8.8
一次别离 جدایی نادر از سیمین,8.7
大魔术师 大魔術師,6.6
蝙蝠侠大战超人：正义黎明 Batman v Superman: Dawn of Justice,6.6
蒂凡尼的早餐 Breakfast at Tiffany's,8.1
雨果 Hugo,7.6
雷神2：黑暗世界 Thor: The Dark World,7.4
非常主播 과속스캔들,7.9
小岛惊魂 The Others,8.0
八月迷情 August Rush,8.3
记忆大师,7.2
花木兰 Mulan,7.5
小王子 Le Petit Prince,8.0
毕业生 The Graduate,7.9
飓风营救 Taken,8.2
红辣椒 パプリカ,8.9
大护法,7.8
冒牌天神 Bruce Almighty,7.4
少年时代 Boyhood,8.5
浪潮 Die Welle,8.7
导盲犬小Q クイール,8.4
马达加斯加 Madagascar,7.7
闪灵 The Shining,8.0
生化危机 Resident Evil,7.8
蓝宇 藍宇,8.0
摆渡人,4.0
遗愿清单 The Bucket List,8.5
四月物语 四月物語,8.1
X战警3：背水一战 X-Men: The Last Stand,7.5
十二猴子 Twelve Monkeys,8.1
101次求婚,5.6
潘神的迷宫 El laberinto del fauno,7.8
开心家族 헬로우 고스트,8.5
集结号,7.8
小黄人大眼萌 Minions,7.3
蜘蛛侠2 Spider-Man 2,7.1
驯龙高手2 How to Train Your Dragon 2,7.9
星球大战7：原力觉醒 Star Wars: The Force Awakens,7.1
杀死比尔2 Kill Bill: Vol. 2,7.8
汉江怪物 괴물,7.3
通缉令 Wanted,7.4
最爱,7.2
卢旺达饭店 Hotel Rwanda,8.8
蜘蛛侠：英雄归来 Spider-Man: Homecoming,7.4
来自星星的你 별에서 온 그대,8.3
盲探,7.1
敢死队 The Expendables,6.7
嫌疑人X的献身 容疑者Xの献身,8.3
女人不坏,6.0
环形使者 Looper,6.8
蓝莓之夜 My Blueberry Nights,7.6
超凡蜘蛛侠2 The Amazing Spider-Man 2,7.2
黑衣人2 Men in Black II,7.5
小时代3：刺金时代,4.3
老友记 第一季 Friends Season 1,9.6
雷神 Thor,6.6
喜欢你,6.9
偷心 Closer,7.8
百变星君 百變星君,7.2
暗战 暗戰,8.4
生活大爆炸  第二季 The Big Bang Theory Season 2,9.4
调音师 L'accordeur,9.2
手机,7.3
人民的名义,8.3
大腕,7.7
刺客聂隐娘,7.2
荒蛮故事 Relatos salvajes,8.7
空中监狱 Con Air,8.1
燕尾蝶 スワロウテイル,8.6
碧海蓝天 Le grand bleu,8.7
太阳照常升起,8.0
我的机器人女友 僕の彼女はサイボーグ,7.4
分手合约,5.7
狩猎 Jagten,9.0
猫的报恩 猫の恩返し,7.9
惊天魔盗团2 Now You See Me 2,6.5
特洛伊 Troy,7.4
满城尽带黄金甲,5.2
时间规划局 In Time,6.8
瘦身男女,6.7
壁花少年 The Perks of Being a Wallflower,7.9
赵氏孤儿,5.8
萨利机长 Sully,8.3
狄仁杰之神都龙王,6.5
十二公民,8.2
小森林 夏秋篇 リトル・フォレスト 夏・秋,8.9
我可能不会爱你 我可能不會愛你,8.9
马达加斯加3 Madagascar 3: Europe's Most Wanted,8.2
胜者即是正义 リーガル・ハイ,9.3
嫌疑人X的献身,6.4
卡罗尔 Carol,8.2
孤胆特工 아저씨,8.1
狙击电话亭 Phone Booth,7.8
魔发奇缘 Tangled,8.1
保持通话,6.7
附注：我爱你 P.S. I Love You,8.1
破产姐妹 第一季 2 Broke Girls Season 1,8.9
僵尸世界大战 World War Z,7.3
纳尼亚传奇1：狮子、女巫和魔衣橱 The Chronicles of Narnia: The Lion, the Witch and the Wardrobe,7.2
无极,4.8
偷拐抢骗 Snatch,8.5
暮光之城3：月食 The Twilight Saga: Eclipse,6.4
道士下山,5.4
生化危机：终章 Resident Evil: The Final Chapter,6.6
歌剧魅影 The Phantom of the Opera,8.5
加菲猫 Garfield,7.6
虎口脱险 La grande vadrouille,8.9
后宫·甄嬛传,8.9
木乃伊 The Mummy,7.7
撒娇女人最好命,5.8
盛夏光年,7.2
金蝉脱壳 Escape Plan,7.6
大内密探灵灵狗 大內密探靈靈狗,5.0
僵尸肖恩 Shaun of the Dead,7.6
南京！南京！,7.4
武侠,6.6
向左走．向右走,6.9
你丫闭嘴！ Tais-toi!,8.0
战狼,6.8
国家宝藏 National Treasure,7.6
歌舞青春 High School Musical,7.7
丑女大翻身 미녀는 괴로워,7.1
特种部队：眼镜蛇的崛起 G.I. Joe: The Rise of Cobra,7.2
超人：钢铁之躯 Man of Steel,6.8
非常嫌疑犯 The Usual Suspects,8.6
投名状,6.9
娜娜 Nana,7.8
通天塔 Babel,8.0
假结婚 The Proposal,7.1
奇怪的她 수상한 그녀,8.3
麦兜，菠萝油王子 麥兜，菠蘿油王子,8.0
革命之路 Revolutionary Road,8.0
十面埋伏,5.7
左耳,5.4
公主日记2 The Princess Diaries 2: Royal Engagement,6.9
越光宝盒,5.2
黑鹰坠落 Black Hawk Down,8.5
灰姑娘 Cinderella,6.7
权力的游戏  第二季 Game of Thrones Season 2,9.4
牯岭街少年杀人事件 牯嶺街少年殺人事件,8.7
林中小屋 The Cabin in the Woods,7.4
叫我第一名 Front of the Class,8.6
蜘蛛侠3 Spider-Man 3,7.0
恋爱假期 The Holiday,7.6
天生一对 The Parent Trap,8.3
大闹天宫,9.2
武林外传,9.3
梦之安魂曲 Requiem for a Dream,8.7
万万没想到,5.5
扫毒 掃毒,7.2
二次曝光,6.1
十一罗汉 Ocean's Eleven,7.9
出租车司机 Taxi Driver,8.4
爱宠大机密 The Secret Life of Pets,7.5
爱在午夜降临前 Before Midnight,8.8
沉睡魔咒 Maleficent,6.9
言叶之庭 言の葉の庭,8.2
生活大爆炸  第三季 The Big Bang Theory Season 3,9.3
异形：契约 Alien: Covenant,7.3
精灵鼠小弟 Stuart Little,7.5
艺伎回忆录 Memoirs of a Geisha,7.0
空房间 빈집,8.0
金刚：骷髅岛 Kong: Skull Island,6.6
末路狂花 Thelma & Louise,8.7
绿里奇迹 The Green Mile,8.7
北京爱情故事,6.1
理发师陶德 Sweeney Todd: The Demon Barber of Fleet Street,7.7
机械姬 Ex Machina,7.5
黑镜 第二季 Black Mirror Season 2,9.1
枪王之王,6.6
毒战 毒戰,7.2
聚焦 Spotlight,8.8
真实的谎言 True Lies,8.1
律政俏佳人 Legally Blonde,7.2
特工绍特 Salt,7.2
海街日记 海街diary,8.6
九层妖塔,4.2
功夫之王 The Forbidden Kingdom,5.3
廊桥遗梦 The Bridges of Madison County,8.6
上帝也疯狂 The Gods Must Be Crazy,8.6
欢乐好声音 Sing,8.2
山河故人,7.8
恋爱通告,5.9
变形金刚5：最后的骑士 Transformers: The Last Knight,4.8
了不起的狐狸爸爸 Fantastic Mr. Fox,8.4
谍影重重5 Jason Bourne,7.3
生化危机4：战神再生 Resident Evil: Afterlife,6.3
纸牌屋 第一季 House of Cards Season 1,9.2
天才枪手 ฉลาดเกมส์โกง,8.3
情人 L'amant,8.1
万物理论 The Theory of Everything,8.1
落水狗 Reservoir Dogs,8.3
不见不散,7.8
蝴蝶 Le Papillon,8.6
鬼妈妈 Coraline,8.0
精灵旅社 Hotel Transylvania,7.8
终结者 The Terminator,7.9
夜宴,5.6
红高粱,8.2
007：幽灵党 Spectre,6.2
前任攻略,6.2
大红灯笼高高挂,8.3
巴黎淘气帮 Le petit Nicolas,8.6
十二宫 Zodiac,7.2
星空,7.1
我是山姆 I Am Sam,8.8
神探,8.4
惊情四百年 Dracula,7.7
三生三世十里桃花,4.0
整蛊专家 整蠱專家,7.3
锦衣卫,5.9
挪威的森林 ノルウェイの森,5.9
云水谣,6.9
夺宝联盟 도둑들,7.1
拆弹部队 The Hurt Locker,7.7
百万美元宝贝 Million Dollar Baby,8.5
只是爱着你 ただ、君を愛してる,8.0
剑雨,6.9
生化危机2：启示录 Resident Evil: Apocalypse,7.6
有一个地方只有我们知道,4.9
激战 激戰,7.8
盗墓笔记,4.7
她比烟花寂寞 Hilary and Jackie,8.4
苏州河,7.8
弱点 The Blind Side,8.4
不再让你孤单,7.0
海洋 Océans,9.0
大兵小将,6.8
碟中谍3 Mission: Impossible III,7.3
生化危机3：灭绝 Resident Evil: Extinction,7.1
追凶者也,7.6
小森林 冬春篇 リトル・フォレスト 冬・春,8.9
追风筝的人 The Kite Runner,8.2
本能 Basic Instinct,7.7
移动迷宫 The Maze Runner,6.8
悟空传,5.1
一个陌生女人的来信,7.5
海洋天堂,7.9
窃听风云3,6.2
权力的游戏 第三季 Game of Thrones Season 3,9.4
换子疑云 Changeling,8.3
天台爱情,6.8
被偷走的那五年,5.8
暗杀 암살,8.0
回忆积木小屋 つみきのいえ,9.3
007：大战皇家赌场 Casino Royale,7.4
博物馆奇妙夜2 Night at the Museum: Battle of the Smithsonian,6.8
霍元甲,6.6
线人 線人,7.3
鹿鼎记2：神龙教 鹿鼎記II 神龍教,7.6
杀生,7.6
东邪西毒：终极版 東邪西毒終極版,8.7
半泽直树 半沢直樹,9.1
异形 Alien,7.9
枪火 鎗火,8.6
夜行者 Nightcrawler,8.2
哥斯拉 Godzilla,6.4
隐秘而伟大 은밀하게 위대하게,7.7
赤壁(下),6.4
太空旅客 Passengers,6.9
小姐 아가씨,7.9
夏日大作战 サマーウォーズ,8.6
阿黛尔的生活 La vie d'Adèle,8.3
冷山 Cold Mountain,8.0
面纱 The Painted Veil,8.2
神偷奶爸3 Despicable Me 3,6.9
一个都不能少,7.5
我愿意,5.8
八恶人 The Hateful Eight,8.3
为奴十二年 12 Years a Slave,7.9
死寂 Dead Silence,7.5
一树梨花压海棠 Lolita,8.0
赛德克·巴莱 賽德克·巴萊,8.7
百鸟朝凤,8.0
想爱就爱 อยากรัก ก็รักเลย,7.5
雨中曲 Singin' in the Rain,8.9
金刚狼2 The Wolverine,6.1
红猪 紅の豚,8.3
星际迷航 Star Trek,7.9
千谎百计 第一季 Lie to Me Season 1,8.7
灌篮高手 スラムダンク,9.6
人生遥控器 Click,7.7
起风了 風立ちぬ,7.8
帕丁顿熊 Paddington,7.6
笑傲江湖2：东方不败 笑傲江湖II東方不敗,8.3
全民情敌 Hitch,7.5
生活大爆炸  第四季 The Big Bang Theory Season 4,9.2
敢死队2 The Expendables 2,6.8
谍影重重4 The Bourne Legacy,6.7
深夜食堂,9.2
星球大战外传：侠盗一号 Rogue One: A Star Wars Story,7.3
使徒行者,6.7
康斯坦丁 Constantine,7.7
西游记之大闹天宫,4.1
漂亮女人 Pretty Woman,7.9
梅兰芳,6.9
安德的游戏 Ender's Game,6.9
情癫大圣,5.3
十全九美,5.1
买凶拍人 買兇拍人,8.3
白夜追凶,9.0
绯闻女孩 第一季 Gossip Girl Season 1,7.9
黄金时代,7.1
伤城,6.8
七磅 Seven Pounds,8.1
生化危机5：惩罚 Resident Evil: Retribution,5.6
大灌篮,5.2
春娇救志明 春嬌救志明,7.2
摩登时代 Modern Times,9.2
红磨坊 Moulin Rouge!,7.9
色即是空 색즉시공,7.2
斯巴达300勇士 300,7.6
速度与激情 The Fast and the Furious,7.6
汉尼拔 Hannibal,8.1
再见我们的幼儿园 さよならぼくたちのようちえん,8.7
浓情巧克力 Chocolat,8.0
追击者 추격자,8.4
碟中谍2 Mission: Impossible II,7.0
西部世界 第一季 Westworld Season 1,8.8
纽约，我爱你 New York, I Love You,7.6
2001太空漫游 2001: A Space Odyssey,8.6
一个叫欧维的男人决定去死 En man som heter Ove,8.7
舌尖上的中国 第一季,9.3
万物生长,5.8
情人节 Valentine's Day,7.0
审死官 審死官,7.4
全球热恋,5.6
奋斗,7.7
十七岁的单车,7.7
当哈利遇到莎莉 When Harry Met Sally...,8.2
狂怒 Fury,7.8
波斯王子：时之刃 Prince of Persia: The Sands of Time,7.2
千年女优 千年女優,8.5
赛末点 Match Point,8.1
神奇四侠 Fantastic Four,6.5
杀破狼2 殺破狼2,7.3
赌圣 賭聖,7.4
不二神探,4.6
兵临城下 Enemy at the Gates,8.3
古墓丽影 Lara Croft: Tomb Raider,7.0
127小时 127 Hours,8.1
家有喜事,8.1
神秘代码 Knowing,6.6
未麻的部屋 Perfect Blue,8.8
攻壳机动队 Ghost in the Shell,6.5
唐顿庄园  第一季 Downton Abbey Season 1,9.2
成长教育 An Education,7.7
暮光之城4：破晓(上) The Twilight Saga: Breaking Dawn - Part 1,6.2
我叫金三顺 내 이름은 김삼순,8.4
澳门风云 賭城風雲,5.6
欢乐颂,7.3
赛车总动员 Cars,7.7
博物馆奇妙夜3 Night at the Museum: Secret of the Tomb,7.0
木乃伊归来 The Mummy Returns,7.4
超级战舰 Battleship,6.6
哪吒闹海,8.8
永无止境 Limitless,7.3
丁丁历险记 The Adventures of Tintin: The Secret of the Unicorn,7.6
有话好好说,8.0
牛仔裤的夏天 The Sisterhood of the Traveling Pants,7.6
丹麦女孩 The Danish Girl,8.1
遗落战境 Oblivion,6.9
欲望都市 Sex and the City,7.7
超级大坏蛋 Megamind,7.8
火柴人 Matchstick Men,8.1
等风来,5.6
天使之恋 天使の恋,7.4
麦兜响当当 麥兜響當當,7.4
权力的游戏 第四季 Game of Thrones Season 4,9.5
天降美食 Cloudy with a Chance of Meatballs,7.4
时时刻刻 The Hours,8.5
画壁,4.4
浪漫满屋 풀하우스,7.9
斗牛,7.8
白蛇传说,4.7
老男孩猛龙过江,5.7
星愿 星願,7.1
吾栖之肤 La piel que habito,7.5
我是路人甲,7.2
旋风小子,7.8
破产姐妹 第二季 2 Broke Girls Season 2,8.8
一夜惊喜,5.5
功夫瑜伽,5.0
遇见你之前 Me Before You,7.5
生死狙击 Shooter,7.7
穿靴子的猫 Puss in Boots,7.6
李献计历险记,8.7
一级恐惧 Primal Fear,8.4
贱女孩 Mean Girls,6.8
倩女幽魂,5.3
绝命毒师 第一季 Breaking Bad Season 1,8.8
旺角卡门 旺角卡門,7.6
幻影凶间 1408,7.3
自杀小队 Suicide Squad,6.1
西游记之孙悟空三打白骨精,5.6
热血警探 Hot Fuzz,8.3
茜茜公主 Sissi,8.5
澳门风云2 賭城風雲II,5.6
全面回忆 Total Recall,7.0
末日崩塌 San Andreas,7.0
洛杉矶之战 Battle: Los Angeles,6.0
蓝色茉莉 Blue Jasmine,7.9
大卫·戈尔的一生 The Life of David Gale,8.6
机械师 The Mechanic,6.9
蓝精灵 The Smurfs,7.2
咒怨 呪怨,7.3
终结者：创世纪 Terminator Genisys,6.9
万有引力,6.4
饥饿游戏3：嘲笑鸟(上) The Hunger Games: Mockingjay - Part 1,5.8
不一样的天空 What's Eating Gilbert Grape,8.6
傲慢与偏见 Pride and Prejudice,9.2
兰戈 Rango,7.8
女间谍 Spy,7.5
爱情无线牵 No Strings Attached,6.6
触不到的恋人 The Lake House,7.7
何以笙箫默,3.6
少数派报告 Minority Report,7.7
宿醉2 The Hangover Part II,6.8
实习生 The Intern,7.6
他是龙 Он - дракон,7.4
美女与野兽 Beauty and the Beast,8.3
勇敢传说 Brave,7.4
白鹿原,6.2
偷天换日 The Italian Job,7.5
偷天陷阱 Entrapment,7.7
招魂 The Conjuring,7.6
权力的游戏 第六季 Game of Thrones Season 6,9.4
控方证人 Witness for the Prosecution,9.6
玩具总动员2 Toy Story 2,8.0
超市夜未眠 Cashback,7.8
美食、祈祷和恋爱 Eat Pray Love,7.3
星际迷航3：超越星辰 Star Trek Beyond,7.3
速度与激情4 Fast & Furious,7.6
戴珍珠耳环的少女 Girl with a Pearl Earring,7.7
断头谷 Sleepy Hollow,7.6
踏血寻梅 踏血尋梅,7.4
勇士 Warrior,8.9
交响情人梦 のだめカンタービレ,9.1
地球上的星星 Taare Zameen Par,8.8
前目的地 Predestination,7.7
修女也疯狂 Sister Act,8.0
新少林寺,5.9
101真狗 101 Dalmatians,7.3
新白娘子传奇 新白娘子傳奇,9.0
孔雀,7.9
无敌浩克 The Incredible Hulk,6.8
就是这样 This Is It,8.7
步步惊心,8.1
爱情呼叫转移Ⅱ：爱情左右,5.2
炮友 Friends with Benefits,6.6
西游记,9.4
午夜凶铃 リング,7.4
狼少年 늑대소년,7.8
小时代4：灵魂尽头,4.6
亲切的金子 친절한 금자씨,7.6
风雨哈佛路 Homeless to Harvard: The Liz Murray Story,8.1
中央车站 Central do Brasil,8.7
小鸡快跑 Chicken Run,7.5
天生杀人狂 Natural Born Killers,8.0
胜者即是正义2 リーガルハイ2,9.2
马达加斯加2：逃往非洲 Madagascar: Escape 2 Africa,7.6
那小子真帅 그놈은 멋있었다,6.7
惊魂记 Psycho,8.8
新宿事件,7.3
七武士 七人の侍,9.2
分手信 Dear John,7.0
杀手没有假期 In Bruges,8.1
东京爱情故事 東京ラブストーリー,9.4
暴力云与送子鹳 Partly Cloudy,9.2
海洋之歌 Song of the Sea,8.7
猩球崛起3：终极之战 War for the Planet of the Apes,6.9
暴力街区 Banlieue 13,8.0
小鬼当家2 Home Alone 2: Lost in New York,7.7
天才瑞普利 The Talented Mr. Ripley,8.2
还珠格格,8.2
我的黑色小礼服 마이 블랙 미니드레스,7.1
国家宝藏：夺宝秘笈 National Treasure: Book of Secrets,7.1
孤单又灿烂的神：鬼怪 쓸쓸하고 찬란하神 - 도깨비,8.3
勇敢者的游戏 Jumanji,8.0
权力的游戏 第五季 Game of Thrones Season 5,9.2
四个婚礼和一个葬礼 Four Weddings and a Funeral,7.4
寿司之神 Jiro Dreams of Sushi,8.8
逃学威龙2 逃學威龍2,7.2
建筑学概论 건축학 개론,7.5
电子情书 You've Got Mail,7.8
神雕侠侣 神雕俠侶,8.9
月满轩尼诗 月滿軒尼詩,6.7
蓝白红三部曲之蓝 Trois couleurs: Bleu,8.4
回到未来 Back to the Future,8.5
憨豆的黄金周 Mr. Bean's Holiday,7.9
闪电狗 Bolt,7.3
千钧一发 Gattaca,8.7
宝莲灯,7.6
夏日么么茶 夏日的嬷嬷茶,6.7
赌侠,7.4
泰山 Tarzan,7.5
分手说爱你 分手說愛你,7.4
佩小姐的奇幻城堡 Miss Peregrine's Home for Peculiar Children,7.2
怪物史瑞克2 Shrek 2,7.5
追随 Following,8.9
国家公敌 Enemy of the State,8.1
恶棍天使,4.0
我们俩,8.6
方世玉,7.7
完美的世界 A Perfect World,9.0
我的父亲母亲,7.8
圣诞夜惊魂 The Nightmare Before Christmas,8.2
哪啊哪啊神去村 WOOD JOB！神去なあなあ日常,8.5
消失的子弹,6.5
预见未来 Next,7.0
我是谁 我是誰,7.3
生活大爆炸  第五季 The Big Bang Theory Season 5,9.0
生死时速 Speed,8.0
推拿,7.7
鸿门宴传奇,6.3
一页台北 一頁台北,6.6
麦兜·当当伴我心 麥兜‧噹噹伴我心,8.4
名侦探柯南：贝克街的亡灵 名探偵コナン ベイカー街の亡霊,8.8
赌神,7.9
洛城机密 L.A. Confidential,8.6
万箭穿心,8.5
天机·富春山居图,2.9
爵迹,3.8
魔术师 The Illusionist,7.6
夏目友人帐 夏目友人帳,9.3
我的恐怖妻子 僕のヤバイ妻,9.0
无间道风云 The Departed,7.2
黄海 황해,8.4
转山,8.0
侏罗纪公园2：失落的世界 The Lost World: Jurassic Park,7.4
我在伊朗长大 Persepolis,8.6
黑暗面 La cara oculta,8.1
天使与魔鬼 Angels & Demons,7.2
惊天危机 White House Down,7.3
深夜食堂,2.8
艺术家 The Artist,8.4
钢琴课 The Piano,8.0
芳芳 Fanfan,8.1
堕落天使,8.1
倩女幽魂2：人间道 倩女幽魂II 人間道,7.7
夺命金 奪命金,7.2
舞出我人生 Step Up,7.6
帝企鹅日记 La marche de l'empereur,8.6
异星觉醒 Life,6.5
美国派 American Pie,7.3
大空头 The Big Short,8.3
最好的时光 最好的時光,7.5
风暴 風暴,6.4
时间 시간,7.5
花木兰,6.2
锅匠，裁缝，士兵，间谍 Tinker Tailor Soldier Spy,7.9
昼颜：工作日下午3点的恋人们 昼顔～平日午後3時の恋人たち～,8.6
里约大冒险2 Rio 2,7.6
太阳的后裔 태양의 후예,7.6
鬼吹灯之精绝古城,8.1
忍者神龟：变种时代 Teenage Mutant Ninja Turtles,6.4
立春,8.0
哆啦A梦 ドラえもん,9.4
三枪拍案惊奇,4.6
岁月的童话 おもひでぽろぽろ,8.5
天水围的日与夜 天水圍的日與夜,8.5
机械师 The Machinist,7.5
白兔糖 うさぎドロップ,7.9
黑暗中的舞者 Dancer in the Dark,8.3
栀子花开,4.1
爱再来一次 If Only,8.0
爱情公寓,8.4
十二罗汉 Ocean's Twelve,7.1
我家买了动物园 We Bought a Zoo,7.8
最后的朋友 ラスト・フレンズ,8.4
新世界 신세계,8.5
朱莉与朱莉娅 Julie & Julia,8.0
信号 시그널,9.1
诸神之战 Clash of the Titans,6.0
我的早更女友,5.4
野猪大改造 野ブタ。をプロデュース,8.2
狗镇 Dogville,8.4
隧道 터널,7.6
我最好朋友的婚礼 My Best Friend's Wedding,7.4
看上去很美,7.8
求婚大作战 プロポーズ大作戦,8.7
结婚大作战 Bride Wars,6.6
闺蜜,5.4
可爱的骨头 The Lovely Bones,7.1
证人,7.2
二十二,8.8
回魂夜,7.7
三生三世十里桃花,6.4
空中营救 Non-Stop,7.5
玩命快递 The Transporter,7.2
超能查派 Chappie,7.2
比悲伤更悲伤的故事 슬픔보다 더 슬픈 이야기,7.6
007：大破量子危机 Quantum of Solace,6.4
黄飞鸿 黃飛鴻,7.9
马达加斯加的企鹅 Penguins of Madagascar,7.4
后窗 Rear Window,8.4
我的初恋情人 僕の初恋をキミに捧ぐ,7.3
1公升的泪 1リットルの涙,8.9
赤裸特工,6.3
辛普森一家 The Simpsons Movie,8.4
分歧者：异类觉醒 Divergent,6.4
我是证人,6.1
80'后,6.9
金福南杀人事件始末 김복남 살인사건의 전말,8.4
黑夜传说 Underworld,7.4
最强囍事,5.2
极速风流 Rush,8.8
银河系漫游指南 The Hitchhiker's Guide to the Galaxy,8.1
葫芦兄弟,8.8
无人驾驶,6.2
敢死队3 The Expendables 3,6.6
东京审判,7.3
速度与激情3：东京漂移 The Fast and the Furious: Tokyo Drift,6.6
独立日2：卷土重来 Independence Day: Resurgence,5.6
导火线 導火線,6.9
BJ单身日记2：理性边缘 Bridget Jones: The Edge of Reason,7.2
一个勺子,7.7
单身男女2 單身男女II,5.3
飓风营救2 Taken 2,6.7
早熟,6.6
邻家特工 The Spy Next Door,6.1
好好先生 Yes Man,7.6
寄生兽 寄生獣,7.4
K歌情人 Music and Lyrics,7.5
你好，陌生人 กวน มึน โฮ,7.7
创：战纪 TRON: Legacy,6.4
千机变Ⅱ花都大战,5.3
W-两个世界 W,8.0
月升王国 Moonrise Kingdom,8.2
潜伏,9.2
一生一世,5.1
生日快乐,7.1
逃出绝命镇 Get Out,7.5
美少年之恋,7.4
情圣,6.1
四大名捕,5.0
一吻定情 イタズラなKiss～Love in TOKYO,8.4
速度与激情2 2 Fast 2 Furious,7.1
盗钥匙的方法 鍵泥棒のメソッド,8.4
盗火线 Heat,8.4
木乃伊3 The Mummy: Tomb of the Dragon Emperor,5.4
警察故事2013,5.7
黑社会 黑社會,7.9
登堂入室 Dans la maison,8.5
千机变,5.7
蓝白红三部曲之红 Trois couleurs: Rouge,8.7
莫扎特传 Amadeus,8.6
花好月圆,5.9
秘密特工 The Man from U.N.C.L.E.,8.0
伪装者,8.3
梦旅人 PicNic,8.3
加菲猫2 Garfield: A Tail of Two Kitties,7.4
越狱兔 第一季 ウサビッチ,9.2
杀破狼 殺破狼,7.2
伊莎贝拉,7.6
韩城攻略,6.0
吸血鬼日记 第一季 The Vampire Diaries Season 1,8.3
血肉之躯 Warm Bodies,7.3
破坏之王,7.3
死神来了5 Final Destination 5,6.5
生活大爆炸 第六季 The Big Bang Theory Season 6,8.9
给朱丽叶的信 Letters to Juliet,7.6
无人生还 And Then There Were None,8.2
爸爸去哪儿,6.1
太极1：从零开始,5.7
少年斯派维的奇异旅行 L'extravagant voyage du jeune et prodigieux T.S. Spivet,8.5
太极张三丰 太極張三豐,7.4
千王之王2000,6.7
权力的游戏 第七季 Game of Thrones Season 7,9.2
逆光飞翔 逆光飛翔,8.2
闰年 Leap Year,7.7
守望者 Watchmen,8.1
关云长,4.9
心动 心動,8.2
逃出克隆岛 The Island,7.0
罪恶之家 An Inspector Calls,8.3
触不到的恋人 시월애,7.8
歌舞青春2 High School Musical 2,7.1
72家租客,6.7
破风 破風,7.2
热血高校 クローズZERO,7.6
活埋 Buried,7.8
古墓丽影2 Lara Croft Tomb Raider: The Cradle of Life,6.6
阿郎的故事,8.5
北京爱情故事,7.5
我是谁：没有绝对安全的系统 Who Am I - Kein System ist sicher,8.0
古惑仔之人在江湖,7.8
另一个波琳家的女孩 The Other Boleyn Girl,6.9
爱丽丝梦游仙境2：镜中奇遇记 Alice Through the Looking Glass,6.6
莎翁情史 Shakespeare in Love,7.3
桃花运,5.7
爱的发声练习 愛的發聲練習,5.5
心理游戏 The Game,7.6
叶问3,6.3
赤道,6.0
小萝莉的猴神大叔 Bajrangi Bhaijaan,8.7
推手,8.4
暮光之城4：破晓(下) The Twilight Saga: Breaking Dawn - Part 2,6.5
终结者3 Terminator 3: Rise of the Machines,7.0
结婚礼服 웨딩드레스,8.4
百元之恋 百円の恋,8.3
单身男子 A Single Man,8.4
虞美人盛开的山坡 コクリコ坂から,7.8
越狱  第二季 Prison Break Season 2,8.4
银翼杀手 Blade Runner,8.1
新扎师妹,7.6
星球大战 Star Wars,8.3
盲山,8.3
A计划 A計劃,7.7
美国X档案 American History X,8.5
王的男人 왕의남자,6.9
王牌特工2：黄金圈 Kingsman: The Golden Circle,7.3
终结者2018 Terminator Salvation,6.7
王牌对王牌 The Negotiator,8.4
异度空间 異度空間,7.4
新木乃伊 The Mummy,4.7
特种部队2：全面反击 G.I. Joe: Retaliation,6.4
余罪 第一季,8.2
赤焰战场 Red,7.5
灵魂战车 Ghost Rider,6.3
天将雄师,5.9
致青春·原来你还在这里,4.0
听见你的声音 너의 목소리가 들려,8.5
极限特工3：终极回归 xXx: Return of Xander Cage,5.6
星球大战前传1：幽灵的威胁 Star Wars: Episode I - The Phantom Menace,8.0
范海辛 Van Helsing,7.0
十三罗汉 Ocean's Thirteen,7.3
九降风 九降風,7.4
小蝌蚪找妈妈,8.7
蓝色情人节 Blue Valentine,7.7
布达佩斯之恋 Gloomy Sunday - Ein Lied von Liebe und Tod,8.6
三人行,5.9
黄飞鸿之三：狮王争霸 黃飛鴻之三獅王爭霸,7.7
名侦探柯南：世纪末的魔术师 名探偵コナン 世紀末の魔術師,8.4
名侦探柯南：引爆摩天楼 名探偵コナン 時計じかけの摩天楼,8.3
游龙戏凤 遊龍戲鳳,6.0
幸福额度,5.8
功夫梦 The Karate Kid,6.3
极品飞车 Need for Speed,7.2
大力水手 第一季 Popeye the Sailor Season 1,8.4
我的女孩 마이걸,7.8
窈窕绅士,6.1
27套礼服 27 Dresses,6.7
异形2 Aliens,7.9
继承者们 왕관을 쓰려는자, 그 무게를 견뎌라 - 상속자들,6.7
云中漫步 A Walk in the Clouds,7.8
聪明的一休 一休さん,8.6
费城故事 Philadelphia,8.6
小武,8.3
她 Elle,7.6
黄金罗盘 The Golden Compass,6.4
理智与情感 Sense and Sensibility,8.3
大笑江湖,4.5
三个和尚,8.6
危险关系,5.8
神笔马良,8.3
愤怒的小鸟 Angry Birds,7.0
命运规划局 The Adjustment Bureau,6.9
天龙八部 天龍八部,8.7
太平轮(上),5.8
翻滚吧！阿信 翻滾吧！阿信,7.1
樱桃小丸子 ちびまる子ちゃん,9.0
对不起，我爱你 미안하다 사랑한다,8.7
极盗车神 Baby Driver,7.1
神探夏洛克 第四季 Sherlock Season 4,8.2
羞耻 Shame,7.3
悲伤电影 새드무비,7.8
蜗居,7.9
海洋奇缘 Moana,7.6
别让我走 Never Let Me Go,7.7
憨豆特工 Johnny English,7.5
我知女人心,5.6
青蜂侠 The Green Hornet,5.7
纸牌屋 第二季 House of Cards Season 2,9.2
芝加哥 Chicago,8.5
我的前半生,6.3
时尚先锋香奈儿 Coco avant Chanel,7.1
女王 The Queen,7.7
澳门风云3 賭城風雲III,3.9
保镖 The Bodyguard,7.9
舒克和贝塔,8.6
守法公民 Law Abiding Citizen,7.9
朝5晚9：帅气和尚爱上我 5→9 ～私に恋したお坊さん～,7.4
京城81号,4.9
微微一笑很倾城,5.0
鹿鼎记,8.7
忠犬八公物语 ハチ公物語,9.0
浮城谜事,7.2
金枝欲孽,8.8
倚天屠龙记之魔教教主 倚天屠龍記之魔教教主,7.2
纳尼亚传奇2：凯斯宾王子 The Chronicles of Narnia: Prince Caspian,6.8
黑镜 第三季 Black Mirror Season 3,8.7
云上的日子 Al di là delle nuvole,7.7
雪花秘扇 Snow Flower and the Secret Fan,5.6
跳出我天地 Billy Elliot,8.8
与狼共舞 Dances with Wolves,8.9
土拨鼠之日 Groundhog Day,8.5
虫虫危机 A Bug's Life,7.7
十万个冷笑话,6.3
爱情公寓2,8.2
步履不停 歩いても 歩いても,8.8
太子妃升职记,7.2
没头脑和不高兴,8.7
初三大四我爱你 ม.3 ปี 4 เรารักนาย,7.1
机器人9号 9,7.4
如晴天，似雨天 Like Sunday, Like Rain,8.2
微微一笑很倾城,6.3
萨玛利亚女孩 사마리아,7.5
花田喜事2010 花田囍事2010,5.2
八面埋伏 Mindhunters,7.5
士兵突击,9.2
全金属外壳 Full Metal Jacket,8.5
美国骗局 American Hustle,6.6
大象 Elephant,7.8
阿黛拉的非凡冒险 Les aventures extraordinaires d'Adèle Blanc-Sec,6.8
再见列宁 Good Bye Lenin!,8.7
秘密花园 시크릿 가든,8.3
红楼梦,9.5
蓝白红三部曲之白 Trois couleurs: Blanc,8.4
绯闻女孩  第二季 Gossip Girl Season 2,7.7
百变狸猫 平成狸合戦ぽんぽこ,8.4
超验骇客 Transcendence,6.5
双食记,7.0
红龙 Red Dragon,7.7
春夏秋冬又一春 봄 여름 가을 겨울 그리고 봄,8.5
泰迪熊2 Ted 2,6.4
名侦探柯南：通向天国的倒计时 名探偵コナン 天国へのカウントダウン,8.5
痞子英雄之全面开战 痞子英雄,6.4
走出非洲 Out of Africa,8.5
攻壳机动队 攻殻機動隊,8.9
天伦之旅 Everybody's Fine,8.6
举起手来！,6.3
对她说 Hable con ella,8.6
龙樱 ドラゴン桜,8.6
逆世界 Upside Down,6.1
东京攻略 東京攻略,6.4
墨攻,6.1
魔鬼代言人 The Devil's Advocate,8.2
危情三日 The Next Three Days,7.9
终极面试 Exam,6.9
刺猬的优雅 Le hérisson,8.8
云中行走 The Walk,7.5
点球成金 Moneyball,8.2
僵尸 殭屍,7.7
算死草,6.8
快乐的大脚 Happy Feet,7.3
父与女 Father and Daughter,9.2
兄弟连 Band of Brothers,9.5
饥饿游戏3：嘲笑鸟(下) The Hunger Games: Mockingjay - Part 2,6.1
路边野餐,7.7
黑暗侵袭 The Descent,7.5
逆战,6.4
男儿本色,6.8
阅后即焚 Burn After Reading,7.0
孔子,5.3
英雄本色2,8.1
龙虾 The Lobster,7.5
星河战队 Starship Troopers,7.7
极乐空间 Elysium,6.2
青春派,7.4
黄飞鸿之二：男儿当自强 黃飛鴻之二男兒當自強,7.8
没完没了,7.5
夜行动物 Nocturnal Animals,7.4
霹雳娇娃 Charlie's Angels,6.7
爱有来生,7.5
唐顿庄园 第二季 Downton Abbey Season 2,8.9
仙剑奇侠传,8.4
最佳出价 La migliore offerta,8.3
花火 HANA-BI,8.5
裂缝 Cracks,7.9
整容日记,4.5
伊甸湖 Eden Lake,7.5
最完美的离婚 最高の離婚,8.9
落叶归根,7.4
金粉世家,8.2
名侦探柯南：迷宫的十字路口 名探偵コナン 迷宮の十字路,8.2
极盗者 Point Break,6.8
名侦探柯南：漆黑的追踪者 名探偵コナン 漆黒の追跡者,7.3
宫 궁,7.8
年轻气盛 Youth,8.2
小鬼当家3 Home Alone 3,7.5
穿越时空爱上你 Kate & Leopold,7.4
狼的孩子雨和雪 おおかみこどもの雨と雪,8.5
边境风云,7.7
虎胆龙威4 Live Free or Die Hard,7.6
咱们结婚吧,5.9
蓝色生死恋 가을동화,8.1
绝命毒师  第五季 Breaking Bad Season 5,9.6
精武风云·陈真,6.0
亲密敌人,5.6
钟无艳 鐘無艷,6.7
大开眼戒 Eyes Wide Shut,7.7
菲利普船长 Captain Phillips,8.1
玻璃之城,7.9
迁徙的鸟 Le peuple migrateur,9.1
我想和你好好的,5.8
九色鹿,8.7
鸟！鸟！鸟！ For the Birds,8.7
机械战警 RoboCop,6.3
初恋红豆冰,7.6
大上海,6.6
鲨滩 The Shallows,7.1
精武英雄,8.1
星球大战前传3：西斯的复仇 Star Wars: Episode III - Revenge of the Sith,8.2
济公 濟公,6.9
黑洞频率 Frequency,8.3
狗狗与我的十个约定 犬と私の10の約束,8.0
月光男孩 Moonlight,7.2
伦敦陷落 London Has Fallen,6.1
无姓之人 Mr. Nobody,8.2
四重奏 カルテット,9.1
关键第四号 I Am Number Four,6.1
原罪 Original Sin,7.4
玩命快递2 Transporter 2,7.2
瑞士军刀男 Swiss Army Man,7.8
我的小小新娘 어린신부,7.0
王牌贱谍：格林斯比 The Brothers Grimsby,7.2
三峡好人,8.0
醉乡民谣 Inside Llewyn Davis,8.0
精灵旅社2 Hotel Transylvania 2,7.4
侏罗纪公园3 Jurassic Park III,7.0
少年包青天,7.9
黑镜：圣诞特别篇 Black Mirror: White Christmas,9.1
飞行家 The Aviator,7.9
绝命毒师  第二季 Breaking Bad Season 2,9.0
绿巨人浩克 Hulk,6.5
第一次,6.2
白雪公主和七个小矮人 Snow White and the Seven Dwarfs,8.1
横冲直撞好莱坞,4.5
漫长的婚约 Un long dimanche de fiançailles,8.1
玫瑰人生 La Môme,8.3
情深深雨濛濛,7.0
好家伙 Goodfellas,8.3
婚前试爱 婚前試愛,5.6
云的彼端，约定的地方 雲のむこう、約束の場所,7.8
黑猫警长,8.3
天龙特攻队 The A-Team,7.6
死亡幻觉 Donnie Darko,7.3
布拉格之恋 The Unbearable Lightness of Being,8.1
赌侠2：上海滩赌圣 賭俠II上海灘賭聖,7.2
三毛从军记,8.4
空军一号 Air Force One,7.4
合约情人,5.3
赛德克·巴莱(上)：太阳旗 賽德克·巴萊(上)太陽旗,8.8
葬礼上的死亡 Death at a Funeral,8.1
龙凤斗 龍鳳鬥,6.7
匹诺曹 피노키오,8.1
低俗喜剧 低俗喜劇,6.3
我爱你莫里斯 I Love You Phillip Morris,7.9
绝望主妇 第一季 Desperate Housewives Season 1,8.7
恶作剧之吻 惡作劇之吻,8.6
野孩子 Wild Child,7.1
现代启示录 Apocalypse Now,8.3
破事儿 破事兒,7.5
原来是美男啊 미남이시네요,7.8
大明宫词,8.9
练习曲 練習曲,8.0
疯狂约会美丽都 Les triplettes de Belleville,8.7
尖峰时刻 Rush Hour,6.8
真探 第一季 True Detective Season 1,9.2
放·逐,7.9
谜一样的双眼 El secreto de sus ojos,8.3
囚徒 Prisoners,8.0
铁娘子：坚固柔情 The Iron Lady,7.6
怒火攻心 Crank,7.3
苍蝇一分钟的生命 One Minute Fly,8.9
神奇四侠2 Fantastic 4: Rise of the Silver Surfer,6.2
太极旗飘扬 태극기 휘날리며,8.3
失孤,6.4
招魂2 The Conjuring 2,7.6
雇佣人生 El Empleo,9.1
微爱之渐入佳境,4.6
王的盛宴,5.3
名侦探柯南：瞳孔中的暗杀者 名探偵コナン 瞳の中の暗殺者,8.2
歌舞青春3：毕业季 High School Musical 3: Senior Year,7.3
人间·小团圆 香港仔,5.4
未知死亡 Ghajini,8.0
大宅门,9.2
刺青,5.8
纸人 Paperman,8.0
新世纪福音战士 新世紀エヴァンゲリオン,9.3
黑社会2：以和为贵 黑社會以和為貴,7.7
嫁个有钱人 嫁個有錢人,5.8
星球大战前传2：克隆人的进攻 Star Wars: Episode II - Attack of the Clones,7.8
20 30 40,7.2
黑夜传说2：进化 Underworld: Evolution,7.2
命运呼叫转移,5.7
但丁密码 Inferno,6.2
死亡飞车 Death Race,7.4
摩纳哥王妃 Grace of Monaco,6.7
记住我 Remember Me,7.3
老鼠爱上猫,5.5
名侦探柯南：沉默的十五分钟 名探偵コナン 沈黙の15分,6.5
电焊工波力 BURN-E,9.0
渺渺,7.0
迷失 第一季 Lost Season 1,8.5
美国狙击手 American Sniper,7.4
天空之眼 Eye in the Sky,7.8
狼狈 ヘルタースケルター,7.0
康熙王朝,9.0
夕阳天使,6.6
名侦探柯南：侦探们的镇魂歌 名探偵コナン 探偵たちの鎮魂歌,7.6
主君的太阳 주군의 태양,8.5
绝代艳后 Marie Antoinette,6.7
大闹天竺,3.8
公众之敌 Public Enemies,7.4
得闲炒饭 得閒炒飯,7.1
爱在罗马 To Rome with Love,7.5
杀破狼·贪狼 殺破狼‧貪狼,7.3
钟馗伏魔：雪妖魔灵,4.2
我爱你 그대를 사랑합니다,9.0
倩女幽魂3：道道道 倩女幽魂Ⅲ 道道道,7.3
龙虎门,5.7
潜伏 Insidious,7.3
冈仁波齐,7.7
心理罪,5.1
天书奇谭,9.0
玩命快递3 Transporter 3,6.8
名侦探柯南：战栗的乐谱 名探偵コナン 戦慄の楽譜,6.9
伴娘 Bridesmaids,6.9
追龙 追龍,7.5
哭声 곡성,7.1
相助 The Help,8.8
小羊肖恩 Shaun the Sheep Movie,8.4
狼的诱惑 늑대의 유혹,6.8
97家有喜事 97家有囍事,7.4
铁道飞虎,5.2
意外,7.2
憨豆特工2 Johnny English Reborn,7.0
名侦探柯南 名探偵コナン,9.0
名侦探柯南：银翼的魔术师 名探偵コナン 銀翼の奇術師,7.9
秋菊打官司,7.8
刺客信条 Assassin's Creed,5.4
香肠派对 Sausage Party,7.1
警察故事,7.7
初吻 La boum,8.0
木星上行 Jupiter Ascending,5.4
城市猎人 시티헌터,8.0
绝地逃亡 Skiptrace,5.5
星际特工：千星之城 Valérian and the City of a Thousand Planets,7.1
移动迷宫2 Maze Runner: The Scorch Trials,5.7
暴力街区 Brick Mansions,6.9
南极大冒险 Eight Below,8.6
我们仍未知道那天所看见的花的名字 あの日見た花の名前を僕達はまだ知らない。,8.7
花魁 さくらん,8.0
屌丝女士 第一季 Knallerfrauen Season 1,8.3
地心历险记2：神秘岛 Journey 2: The Mysterious Island,6.2
还珠格格第二部,7.4
一个购物狂的自白 Confessions of a Shopaholic,6.4
白发魔女传之明月天国,3.7
花吃了那女孩,6.1
请回答1997 응답하라1997,9.0
倒霉爱神 Just My Luck,6.8
独行侠 The Lone Ranger,7.0
小情人 แฟนฉัน,8.6
怪物史瑞克3 Shrek the Third,7.2
仙境之桥 Bridge to Terabithia,7.8
金玉满堂 金玉滿堂,8.0
寻秦记,8.1
阮玲玉,8.4
寻枪,7.6
邋遢大王奇遇记,8.6
恶童 鉄コン筋クリート,8.6
东京物语 東京物語,9.2
鬼影 ชัตเตอร์ กดติดวิญญาณ,7.6
东方不败风云再起 東方不敗之風雲再起,7.2
超人归来 Superman Returns,6.5
河神,8.3
大白鲨 Jaws,7.7
像素大战 Pixels,6.1
蜡笔小新 クレヨンしんちゃん,8.9
缘分天注定 Serendipity,7.5
窈窕淑女 My Fair Lady,8.0
深夜食堂电影版 映画 深夜食堂,7.8
红番区 紅番區,7.3
隐婚男女,5.6
功夫熊猫之盖世五侠的秘密 Kung Fu Panda: Secrets of the Furious Five,7.6
星球大战2：帝国反击战 Star Wars: Episode V - The Empire Strikes Back,8.2
K星异客 K-PAX,8.5
摩登家庭 第一季 Modern Family Season 1,9.3
大地惊雷 True Grit,8.1
飓风营救3 Taken 3,6.3
樱兰高校男公关部 桜蘭高校ホスト部,8.7
芭啦芭啦樱之花,6.0
神探伽利略 ガリレオ,8.2
七个神经病 Seven Psychopaths,7.6
守护者联盟 Rise of the Guardians,8.0
听到涛声 海がきこえる,8.1
流感 감기,7.7
公民凯恩 Citizen Kane,8.5
少年汉尼拔 Hannibal Rising,7.1
中南海保镖,7.3
黄金三镖客 Il buono, il brutto, il cattivo.,9.1
古惑仔2之猛龙过江,7.5
罗密欧与朱丽叶 Romeo + Juliet,7.2
虎胆龙威 Die Hard,8.1
倾城之泪,4.8
夜半歌声 夜半歌聲,7.9
疯狂愚蠢的爱 Crazy, Stupid, Love,7.3
真爱之吻 Penelope,6.7
四百击 Les quatre cents coups,8.7
横道世之介,8.7
浮生一日 Life in a Day,8.8
暗花,8.3
银魂 銀魂,9.6
我在故宫修文物,9.3
生死停留 Stay,7.5
胜者即是正义SP リーガル・ハイSP,8.9
保罗 Paul,7.6
流星花园 流星花園,8.1
秋天的童话 秋天的童話,8.4
超时空接触 Contact,8.3
沙漠之花 Desert Flower,8.7
爱情公寓3,7.3
虫师 蟲師,9.3
辣妈辣妹 Freaky Friday,7.3
安娜·卡列尼娜 Anna Karenina,7.1
的士速递 Taxi,7.8
白发魔女传 白髮魔女傳,7.7
足球尤物 She's the Man,7.3
那山那人那狗,8.4
美味情缘 No Reservations,6.9
魔术师 L'illusionniste,8.7
偷偷爱着你 花ざかりの君たちへ：～イケメン♂パラダイス～,8.0
绝密跟踪 감시자들,7.6
姐姐的守护者 My Sister's Keeper,8.3
九条命 Nine Lives,6.9
刺陵,3.7
间谍之桥 Bridge of Spies,8.0
影子写手 The Ghost Writer,7.6
陪安东尼度过漫长岁月,6.1
妈妈咪呀 Mamma Mia!,7.5
人间喜剧 人間喜劇,7.5
边境杀手 Sicario,7.4
魔法师的学徒 The Sorcerer's Apprentice,6.1
机器管家 Bicentennial Man,8.5
伴我同行 Stand by Me,8.9
名侦探柯南：天空的遇难船 名探偵コナン 天空の難破船,7.3
绝命毒师  第三季 Breaking Bad Season 3,9.1
星运里的错 The Fault in Our Stars,7.8
雪孩子,8.8
第一滴血 First Blood,8.1
洛丽塔 Lolita,7.7
爱 Amour,8.5
指匠情挑 Fingersmith,8.9
八月照相馆 8월의 크리스마스,7.9
决胜21点 21,6.8
暴力街区13：终极 Banlieue 13 - Ultimatum,7.4
破产姐妹 第三季 2 Broke Girls Season 3,8.3
如父如子 そして父になる,8.4
怪奇物语 第一季 Stranger Things Season 1,8.7
剩者为王,5.6
越狱  第三季 Prison Break Season 3,7.6
东京女子图鉴 東京女子図鑑,8.7
金枝玉叶 金枝玉葉,8.3
风语战士 Windtalkers,7.5
星尘 Stardust,7.6
异次元骇客 The Thirteenth Floor,8.3
人兽杂交 Splice,5.5
下妻物语 下妻物語,7.9
别惹我 Malavita,7.1
洋葱电影 The Onion Movie,7.6
简爱 Jane Eyre,7.4
夏目友人帐 第二季 続 夏目友人帳,9.4
海底总动员2：多莉去哪儿 Finding Dory,7.3
随波逐流 Just Go with It,7.2
夺宝奇兵 Raiders of the Lost Ark,7.8
逃学威龙3之龙过鸡年 逃学威龙III之龙过鸡年,7.0
28岁未成年,5.7
哥斯拉 Godzilla,6.9
世界之战 War of the Worlds,6.5
七剑,5.8
欲望都市  第一季 Sex and the City Season 1,8.7
忘不了,7.7
IT狂人 第一季 The IT Crowd Season 1,8.9
大河恋 A River Runs Through It,8.4
爱出色,5.9
赛德克·巴莱(下)：彩虹桥 賽德克·巴萊(下)彩虹橋,8.7
剑鱼行动 Swordfish,7.4
名侦探柯南：水平线上的阴谋 名探偵コナン 水平線上の陰謀,7.5
永不妥协 Erin Brockovich,8.3
大块头有大智慧 大隻佬,6.4
下一站，说爱你 รถไฟฟ้า…มาหานะเธอ,7.9
大话王 Liar Liar,7.5
家有喜事2009,5.4
豚鼠特攻队 G-Force,6.9
女巫季节 Season of the Witch,5.5
闪光少女,7.4
最好的我们,8.7
绿灯侠 Green Lantern,5.8
Hello！树先生,7.2
波普先生的企鹅 Mr. Popper's Penguins,7.3
城中大盗 The Town,7.5
赛车总动员2 Cars 2,7.6
纳尼亚传奇3：黎明踏浪号 The Chronicles of Narnia: The Voyage of the Dawn Treader,6.5
异形3 Alien³,7.0
吸血鬼日记  第二季 The Vampire Diaries Season 2,8.6
金鸡,8.1
星球大战3：绝地归来 Star Wars: Episode VI - Return of the Jedi,8.2
训练日 Training Day,7.9
杀手：代号47 Hitman,7.0
蜀山传,6.4
侠探杰克 Jack Reacher,6.1
风云雄霸天下 風雲雄霸天下,6.8
潜行狙击 潛行狙擊,8.4
古惑仔3之只手遮天 古惑仔3之隻手遮天,7.6
亲爱的伽利略 หนีตามกาลิเลโอ,8.0
爸爸去哪儿 第一季,9.1
机械师2：复活 Mechanic: Resurrection,5.6
方世玉续集,7.5
陆垚知马俐,5.4
成长的烦恼 第一季 Growing Pains Season 1,9.4
芈月传,5.3
8英里 8 Mile,8.0
澳洲乱世情 Australia,7.2
重返地球 After Earth,5.5
名侦探柯南：第十四个目标 名探偵コナン 14番目の標的,7.8
最遥远的距离 最遙遠的距離,6.9
拆弹专家,6.4
亡命驾驶 Drive,7.3
健忘村,6.7
相思成灾 Love and Other Disasters,7.4
热血高校2 クローズZERO II,7.8
河童之夏 河童のクゥと夏休み,8.7
地道战,8.2
我们天上见,8.6
异形4 Alien: Resurrection,7.5
老友记 第二季 Friends Season 2,9.7
老爷车 Gran Torino,8.6
地狱男爵 Hellboy,6.9
假装情侣,6.0
白夜行,8.3
裸婚时代,7.7
我的青春谁做主,7.6
惊天大逆转,7.0
白雪公主与猎人 Snow White and the Huntsman,5.4
爱·回家 집으로...,9.0
无人知晓 誰も知らない,9.0
布鲁克林 Brooklyn,7.7
坠入 The Fall,8.8
南极料理人 南極料理人,8.2
粉红女郎,7.3
天国王朝 Kingdom of Heaven,8.2
东成西就2011,3.9
天鹅绒金矿 Velvet Goldmine,8.4
局内人 Inside Man,7.7
赤焰战场2 Red 2,7.0
启示 Apocalypto,8.5
安妮·霍尔 Annie Hall,8.5
绝命毒师  第四季 Breaking Bad Season 4,9.3
三国之见龙卸甲,5.1
第六感生死缘 Meet Joe Black,7.8
贤者之爱 賢者の愛,7.4
异星战场 John Carter,6.3
捉迷藏 Hide and Seek,7.3
深夜食堂2,9.1
特殊身份,3.9
唐顿庄园 第三季 Downton Abbey Season 3,8.9
新不了情,8.3
越狱  第四季 Prison Break Season 4,7.9
怪物史瑞克4 Shrek Forever After,7.5
我们诞生在中国 Born in China,8.0
白雪公主之魔镜魔镜 Mirror Mirror,5.9
海贼王 ワンピース,9.5
豪杰春香 쾌걸춘향,7.8
夏洛特的网 Charlotte's Web,7.9
玻璃樽,6.4
海扁王2 Kick-Ass 2,6.2
游园惊梦 遊園驚夢,7.5
东京教父 東京ゴッドファーザーズ,8.8
蝴蝶效应2 The Butterfly Effect 2,5.9
月神 La Luna,9.0
科洛弗档案 Cloverfield,7.3
仁显王后的男人 인현왕후의 남자,8.6
黑皮书 Zwartboek,8.3
我11,7.3
没关系，是爱情啊 괜찮아 사랑이야,8.5
半生缘 半生緣,7.7
银魂 銀魂,7.3
最后的武士 The Last Samurai,7.8
留下我 Leave Me,8.9
魔弦传说 Kubo and the Two Strings,7.4
录取通知 Accepted,7.5
拜见岳父大人 Meet the Parents,7.0
美少女特攻队 Sucker Punch,6.1
孤堡惊情 El orfanato,7.4
危情谍战 Knight and Day,6.8
三个火枪手 The Three Musketeers,6.7
城市之光 City Lights,9.2
我的最爱 我的最愛,7.6
决战刹马镇,6.0
坏孩子的天空 キッズ・リターン,8.4
魔法灰姑娘 Ella Enchanted,6.6
牛仔裤的夏天2 The Sisterhood of the Traveling Pants 2,7.4
比海更深 海よりもまだ深く,8.6
开往春天的地铁,7.0
花水木 ハナミズキ,7.2
精神分裂症 Skhizein,9.0
在世界中心呼唤爱 世界の中心で、愛をさけぶ,7.6
初恋这首情歌 Sing Street,8.2
我的名字叫可汗 My Name Is Khan,8.4
神秘拼图 The Bone Collector,7.3
上帝也疯狂2 The Gods Must Be Crazy II,8.8
虎胆龙威5 A Good Day to Die Hard,6.2
Q版猫和老鼠 Tom and Jerry Kids Show,9.2
姨妈的后现代生活,7.2
黄飞鸿之英雄有梦,5.4
非常幸运,4.5
十分爱 十分愛,7.3
战长沙,9.1
穿靴子的猫：萌猫三剑客 Puss in Boots: The Three Diablos,8.1
天才眼镜狗 Mr. Peabody & Sherman,7.4
最爱女人购物狂,5.9
精英部队2：大敌当前 Tropa de Elite 2 - O Inimigo Agora É Outro,8.7
万万没想到 第一季,8.2
未来水世界 Waterworld,7.2
地心历险记 Journey to the Center of the Earth,6.7
屏住呼吸 Don't Breathe,7.0
咖啡王子1号店 커피프린스1호점,8.0
仙剑奇侠传三,7.5
中华英雄 中華英雄,6.3
三少爷的剑,4.9
死亡录像 [Rec],7.5
千里走单骑,7.2
新少林五祖,7.6
世界末日 Armageddon,7.7
亮剑,9.0
缝纫机乐队,7.0
母亲 마더,8.3
百年好合,5.9
绯闻女孩  第三季 Gossip Girl Season 3,7.5
怒 怒り,7.7
欢乐颂2,5.3
21克 21 Grams,7.8
奥林匹斯的陷落 Olympus Has Fallen,6.3
灰姑娘的故事 A Cinderella Story,6.8
伊丽莎白镇 Elizabethtown,7.4
监狱风云 監獄風雲,8.1
黑暗阴影 Dark Shadows,6.3
春田花花同学会 春田花花同學會,6.2
双龙会 雙龍會,7.3
米尔克 Milk,8.3
蔷花，红莲 장화, 홍련,7.2
恋爱地图 戀愛地圖,7.3
老友记 第十季 Friends Season 10,9.8
绝世高手,6.1
苏乞儿 蘇乞兒,4.7
青春梦工场 AV,8.0
魔法奇缘 Enchanted,7.1
回到未来2 Back to the Future Part II,8.3
逃避虽可耻但有用 逃げるは恥だが役に立つ,8.3
美少女战士 美少女戦士セーラームーン,8.4
刀锋战士 Blade,6.9
小美人鱼 The Little Mermaid,8.2
生活大爆炸 第七季 The Big Bang Theory Season 7,9.0
美国派2 American Pie 2,7.0
维多利亚一号 維多利亞壹號,7.2
女性瘾者：第一部 Nymphomaniac: Volume I,7.7
魔警,5.9
我们这一天 第一季 This Is Us Season 1,9.5
预产期 Due Date,7.1
心灵传输者 Jumper,6.5
偷自行车的人 Ladri di biciclette,8.9
摇滚校园 The School of Rock,7.8
宿醉3 The Hangover Part III,6.4
寂静岭2 Silent Hill: Revelation 3D,5.4
律政俏佳人2 Legally Blonde 2: Red, White & Blonde,6.6
硬汉,6.1
英伦对决 The Foreigner,7.3
萤之光 ホタルノヒカリ,8.5
冰血暴 第一季 Fargo Season 1,8.9
地下铁 地下鐵,6.4
茉莉花开,7.1
悲情城市,8.8
狗咬狗,7.9
阿拉丁 Aladdin,8.0
美丽密令,5.4
太极2：英雄崛起,5.9
最终幻想7：圣子降临 ファイナルファンタジーVII アドベントチルドレン,8.2
寻找梦幻岛 Finding Neverland,7.8
忍者神龟2：破影而出 Teenage Mutant Ninja Turtles: Out of the Shadows,6.3
中华小当家 中華一番!,8.2
何以笙箫默,6.5
火影忍者剧场版：博人传 BORUTO -NARUTO THE MOVIE-,8.4
恶老板 Horrible Bosses,7.0
冒牌家庭 We're the Millers,7.4
大追捕,7.0
绝世好Bra,5.7
小红帽 Red Riding Hood,5.7
完美嫁衣 抱抱俏佳人,6.5
冰血暴 Fargo,7.9
老友记  第三季 Friends Season 3,9.7
血滴子,4.6
绝命海拔 Everest,7.4
救火英雄,7.2
马利和我 Marley & Me,7.9
恋人絮语 戀人絮語,6.0
山村老尸,6.6
使徒行者,8.1
惊声尖笑 Scary Movie,6.9
怒火救援 Man on Fire,8.1
即日启程,7.1
华尔街：金钱永不眠 Wall Street: Money Never Sleeps,6.4
五月天追梦 追夢3DNA,7.7
鹬 Piper,9.2
少年班,5.7
红河谷,7.7
和平饭店,7.6
天堂口,5.6
咖啡公社 Café Society,7.1
十兄弟,6.6
狮子王2：辛巴的荣耀 The Lion King II: Simba's Pride,7.7
喜马拉亚星,5.4
斯托克 Stoker,7.5
海鸥食堂 かもめ食堂,8.3
疯狂外星人 Home,7.3
蒙娜丽莎的微笑 Mona Lisa Smile,7.7
赌神2 賭神2,7.5
分裂 Split,7.2
抗癌的我 50/50,7.7
冒险王 冒險王,6.6
笑傲江湖,7.8
心慌方2：超立方体 Cube 2: Hypercube,6.7
阿童木 Astro Boy,6.8
钢琴教师 La pianiste,7.4
香草的天空 Vanilla Sky,7.3
孤男寡女,6.8
爱你，罗茜 Love, Rosie,7.3
春光灿烂猪八戒,7.2
妈妈再爱我一次 媽媽再愛我一次,8.3
英雄 第一季 Heroes Season 1,8.3
美人心计,7.6
蝴蝶效应3：启示 The Butterfly Effect 3: Revelations,6.7
名侦探柯南：绀碧之棺 名探偵コナン 紺碧の棺,6.6
小龙人,8.3
我爱我家,9.1
实习医生格蕾 第一季 Grey's Anatomy Season 1,8.8
少林寺,7.9
命中注定我爱你 命中注定我愛你,7.5
欲望都市2 Sex and the City 2,6.7
光杆乐队 One Man Band,8.6
蓝精灵 第一季 Smurfs Season 1,8.3
楚乔传,5.0
顽主,8.3
棋逢敌手 Geri's Game,8.4
神奇侠侣,5.0
小姐好白 White Chicks,7.1
我和厄尔以及将死的女孩 Me and Earl and the Dying Girl,8.1
詹妮弗的肉体 Jennifer's Body,5.4
铜雀台,5.0
公爵夫人 The Duchess,6.9
惊变28天 28 Days Later...,7.1
恋上你的床,5.8
克莱默夫妇 Kramer vs. Kramer,8.5
十二夜,8.1
尖峰时刻2 Rush Hour 2,6.6
命中注定,5.7
明日世界 Tomorrowland,6.2
卢浮魅影 Belphégor - Le fantôme du Louvre,6.6
彩虹女神 虹の女神,7.7
凯尔经的秘密 The Secret of Kells,8.4
花样男子 花より男子,7.9
第三种爱情,5.1
对不起青春 ごめんね青春！,9.0
猫汤 ねこぢる草,8.6
魔术师和兔子 Presto,8.8
保姆日记 The Nanny Diaries,6.8
97古惑仔战无不胜 97古惑仔戰無不勝,7.4
三国演义,9.2
圣斗士星矢 聖闘士星矢,8.8
摇摆de婚约,5.7
奇爱博士 Dr. Strangelove or: How I Learned to Stop Worrying and Love the Bomb,8.7
依然爱丽丝 Still Alice,7.9
迷墙 Pink Floyd The Wall,8.7
犯罪心理 第一季 Criminal Minds Season 1,9.0
一个人的武林,6.2
爱情公寓4,7.4
快乐到家,3.2
王牌保镖 The Hitman's Bodyguard,7.3
城市猎人 城市獵人,7.2
老房有喜,7.2
西北偏北 North by Northwest,8.1
青红,6.9
新闻编辑室 第一季 The Newsroom Season 1,8.9
克洛伊 Chloe,7.4
文雀,6.6
圆梦巨人 The BFG,6.7
柏林苍穹下 Der Himmel über Berlin,8.5
大武生,5.2
爱情三选一 Definitely, Maybe,7.8
向阳处的她 陽だまりの彼女,7.9
谁的青春不迷茫,6.4
喋血双雄,8.3
思悼 사도,8.3
美国精神病人 American Psycho,7.7
尼罗河上的惨案 Death on the Nile,8.4
自闭历程 Temple Grandin,8.8
我左眼见到鬼,7.1
危情时速 Unstoppable,7.6
七龙珠 ドラゴンボール,9.0
高兴,6.5
SPEC SPEC〜警視庁公安部公安第五課 未詳事件特別対策係事件簿〜,8.7
勺子杀人狂 The Horribly Slow Murderer with the Extremely Inefficient Weapon,8.2
纽约黑帮 Gangs of New York,7.4
老友记  第四季 Friends Season 4,9.7
蜂蜜与四叶草 ハチミツとクローバー,7.4
射雕英雄传 射鵰英雄傳,9.1
悠长假期 ロングバケーション,9.1
忍者神龟 Teenage Mutant Ninja Turtles,8.2
恋恋风尘 戀戀風塵,8.5
美国恐怖故事：谋杀屋 第一季 American Horror Story: Murder House Season 1,7.7
鼠来宝 Alvin and the Chipmunks,7.3
内在美 뷰티 인사이드,7.5
四大名捕2,4.8
前任2：备胎反击战,5.0
花田喜事 花田囍事,7.5
宫心计 宮心計,6.7
神秘河 Mystic River,7.8
怒火攻心2：高压电 Crank 2: High Voltage,6.8
我配不上她 She's Out of My League,6.6
余罪 第二季,7.1
宝贝和我 아기와 나,7.0
亚瑟和他的迷你王国 Arthur et les Minimoys,7.2
梁祝,7.9
丈夫得了抑郁症 ツレがうつになりまして。,8.0
冰川时代5：星际碰撞 Ice Age: Collision Course,6.6
编舟记 舟を編む,8.5
龙门镖局,7.4
虎胆龙威3 Die Hard: With a Vengeance,7.8
舞出我人生2：街舞 Step Up 2: The Streets,7.3
我老公不靠谱 我老婆唔够秤II：我老公唔生性,6.5
天才少女 Gifted,8.1
决战紫禁之巅,5.6
战略特勤组 Unthinkable,7.8
壮志凌云 Top Gun,7.6
偶滴神啊 OMG: Oh My God!,8.4
千谎百计  第二季 Lie to Me Season 2,8.4
道林·格雷 Dorian Gray,6.8
苦月亮 Bitter Moon,8.2
霍顿与无名氏 Horton Hears a Who!,7.8
夏日乐悠悠,6.2
芙蓉镇,9.0
卑劣的街头 비열한 거리,7.8
三岔口,6.5
通灵男孩诺曼 ParaNorman,7.2
极限特工 xXx,7.3
妮基塔 第一季 Nikita Season 1,7.9
科学怪狗 Frankenweenie,7.4
杀戮 Carnage,8.2
新娘大作战,3.9
分歧者2：绝地反击 Insurgent,5.8
机动部队 PTU,7.9
充气娃娃之恋 Lars and the Real Girl,7.5
童梦奇缘,6.4
情笛之爱,7.0
新天生一对,6.3
欢迎来到东莫村 웰컴 투 동막골,8.1
反叛的鲁路修 コードギアス 反逆のルルーシュ,8.9
两小无猜 Melody,8.6
男人四十,7.9
极速60秒 Gone in 60 Seconds,7.3
天气预报员 The Weather Man,7.6
大话西游3,3.6
目击者之追凶 目擊者,8.1
和声 하모니,8.5
洗澡,8.2
时空线索 Deja Vu,7.6
麦兜我和我妈妈 麥兜‧我和我媽媽,8.3
旺角黑夜,7.3
老友记  第五季 Friends Season 5,9.7
钢之炼金术师 鋼の錬金術師,9.2
鲨鱼黑帮 Shark Tale,7.1
魔境仙踪 Oz: The Great and Powerful,6.3
铁齿铜牙纪晓岚,7.9
红色,9.2
搞定岳父大人,6.4
夏有乔木 雅望天堂,4.7
丧尸乐园 Zombieland,7.2
血色浪漫,8.7
怦然星动,4.2
追逐繁星的孩子 星を追う子ども,7.2
宫锁沉香,4.8
成为约翰·马尔科维奇 Being John Malkovich,8.2
白雪公主杀人事件 白ゆき姫殺人事件,7.5
我的P.S.搭档 나의 PS 파트너,7.1
新扎师妹2 新紮師妹2,6.6
橘子红了,7.8
屋塔房王世子 옥탑방 왕세자,7.8
绯闻计划 Easy A,6.6
海尔兄弟,8.0
人类之子 Children of Men,7.5
辉夜姬物语 かぐや姫の物語,8.3
透明人 Hollow Man,6.6
拥抱太阳的月亮 해를 품은 달,8.0
东方快车谋杀案 Murder on the Orient Express,8.3
千杯不醉,6.3
我杀了我妈妈 J'ai tué ma mère,8.3
大头儿子和小头爸爸,7.7
有钱男与贫穷女 リッチマン、プアウーマン,8.2
大学新生 Sydney White,6.7
大军师司马懿之军师联盟,8.1
奸臣 간신,6.4
诸神之怒 Wrath of the Titans,5.9
关于我母亲的一切 Todo sobre mi madre,8.5
财神客栈,5.3
花样男子 꽃보다 남자,7.3
我爱HK 开心万岁 我愛HK 開心萬歲,7.0
我的兄弟姐妹,7.4
白夜行,6.7
借刀杀人 Collateral,7.4
飞鹰计划 飛鷹計劃,7.4
流星之绊 流星の絆,8.2
国土安全  第一季 Homeland Season 1,8.2
我的邻居山田君 ホーホケキョとなりの山田くん,8.7
搞笑漫画日和 ギャグマンガ日和,9.1
有关时间旅行的热门问题 Frequently Asked Questions About Time Travel,7.8
夏目友人帐 第三季 夏目友人帳 参,9.4
海蒂和爷爷 Heidi,8.9
大明劫,7.8
小胖妞,8.7
倚天屠龙记,7.9
只有你 오직 그대만,7.6
回到未来3 Back to the Future Part III,8.2
荷尔蒙 ปิดเทอมใหญ่ หัวใจว้าวุ่น,7.5
火影忍者 NARUTO -ナルト-,8.6
老友记  第六季 Friends Season 6,9.7
交响情人梦之欧洲特别篇 のだめカンタービレ in ヨーロッパ,8.9
行动目标希特勒 Valkyrie,7.0
冲上云霄 衝上雲霄,4.4
老爸老妈的浪漫史 第一季 How I Met Your Mother Season 1,8.9
心慌方·零 Cube Zero,7.0
傲骨贤妻 第一季 The Good Wife Season 1,8.9
心之全蚀 Total Eclipse,8.1
我自己的爱达荷 My Own Private Idaho,8.2
杯酒人生 Sideways,7.9
后裔 The Descendants,7.5
地狱男爵2：黄金军团 Hellboy 2: The Golden Army,6.7
金钱帝国,6.3
波西·杰克逊与神火之盗 Percy Jackson & the Olympians: The Lightning Thief,5.9
平衡 Balance,9.0
爱情洗牌 Love Shuffle,8.5
站台,8.2
夺宝奇兵3 Indiana Jones and the Last Crusade,8.1
超感猎杀 第一季 Sense8 Season 1,8.7
小屁孩日记 Diary of a Wimpy Kid,7.1
移魂都市 Dark City,7.8
包青天,8.0
无心法师,8.3
魁拔之十万火急,7.8
犬夜叉 いぬやしゃ,8.7
蝴蝶梦 Rebecca,8.2
突袭 The Raid,7.5
娜娜 NANA -ナナ-,9.1
浪客剑心 真人版 るろうに剣心,7.7
迷魂记 Vertigo,8.5
想你 보고싶다,7.2
无名女尸 The Autopsy of Jane Doe,7.4
华丽上班族 華麗上班族,6.0
福音战士新剧场版：破 ヱヴァンゲリヲン新劇場版：破,9.2
帝国的毁灭 Der Untergang,8.6
好想告诉你 君に届け,6.9
钢铁苍穹 Iron Sky,6.6
大电影,5.6
黑夜传说4：觉醒 Underworld: Awakening,6.6
家园 Home,9.2
异形大战铁血战士 AVP: Alien vs. Predator,6.8
致命黑兰 Colombiana,6.9
魔法保姆麦克菲 Nanny McPhee,7.4
灵魂战车2：复仇时刻 Ghost Rider: Spirit of Vengeance,5.4
太平轮(下)·彼岸,6.5
银行大劫案 The Bank Job,7.5
五月之恋 五月之戀,6.7
波拉特 Borat: Cultural Learnings of America for Make Benefit Glorious Nation of Kazakhstan,7.4
军中乐园 軍中樂園,7.3
华尔街 Wall Street,8.1
你好，疯子！,6.8
念念,6.9
非凡任务,6.4
上错花轿嫁对郎,7.4
明月几时有,7.0
疾速追杀 John Wick,7.1
驱魔人 The Exorcist,7.6
我的特工爷爷 特工爺爺,5.3
情圣 情聖,7.1
一个好爸爸,7.1
不明身份 Unknown,7.0
裁缝 The Dressmaker,7.9
潜水钟与蝴蝶 Le scaphandre et le papillon,7.9
闯入者,7.6
乐高大电影 The Lego Movie,7.9
像雾像雨又像风,8.0
摩托日记 Diarios de motocicleta,8.4
断箭 Broken Arrow,7.2
新天龙八部之天山童姥 新天龍八部之天山童姥,7.2
择天记,4.2
摩登家庭 第二季 Modern Family Season 2,9.5
极品基老伴 第一季 Vicious Season 1,8.9
一夜迷情 Last Night,7.2
老友记  第七季 Friends Season 7,9.7
打，打个大西瓜,8.6
爱情是狗娘 Amores perros,8.2
独家试爱 獨家試愛,7.2
绿茶,6.2
98古惑仔之龙争虎斗 98古惑仔之龍爭虎鬥,7.2
走到尽头 끝까지 간다,7.8
铁皮鼓 Die Blechtrommel,8.3
陀枪师姐 陀槍師姐,8.3
海啸奇迹 Lo imposible,7.5
紫日,8.0
每当变幻时,7.9
乱,8.8
飞越老人院,7.8
鹰眼 Eagle Eye,7.1
吸血鬼日记 第三季 The Vampire Diaries Season 3,8.3
南方与北方 North & South,9.2
寻找小糖人 Searching for Sugar Man,9.1
咒怨2 呪怨2,7.2
唐璜 Don Jon,6.3
和你在一起,7.7
整编特工 Killers,6.2
美国派3：美国婚礼 American Wedding,7.0
活死人黎明 Dawn of the Dead,7.4
黄河绝恋,7.5
老友记  第八季 Friends Season 8,9.7
失恋巧克力职人 失恋ショコラティエ,7.5
痞子英雄,8.1
世界尽头 The World's End,7.4
你眼中的世界 In Your Eyes,7.5
远在天边 Lost and Found,9.0
决战猩球 Planet of the Apes,6.8
亚当 Adam,7.8
无间双龙：这份爱，才是正义 ウロボロス～この愛こそ、正義。,8.2
大事件,6.5
双雄 雙雄,6.4
卡拉是条狗,7.1
公主与青蛙 The Princess and the Frog,7.3
未来警察,3.8
宰相刘罗锅,8.0
等一个人咖啡 等一個人咖啡,6.0
刀锋战士2 Blade II,6.9
无敌幸运星 無敵幸運星,6.8
男孩别哭 Boys Don't Cry,8.1
封神传奇,2.9
虎胆龙威2 Die Hard 2,7.7
盗墓笔记 第一季,4.0
蕾切尔的婚礼 Rachel Getting Married,6.9
给爸爸的信 給爸爸的信,7.6
冲出亚马逊,6.4
平常的心 The Normal Heart,8.3
杀出个黎明 From Dusk Till Dawn,7.5
隐藏人物 Hidden Figures,8.6
小李飞刀,7.4
饺子,6.5
世界末日 This is the End,6.7
相见恨早 A Lot Like Love,7.7
史前一万年 10,000 BC,5.9
六指琴魔,7.0
猎杀本·拉登 Zero Dark Thirty,7.6
黑夜传说前传：狼族再起 Underworld: Rise of the Lycans,6.7
家有儿女,8.0
赶尽杀绝 Shoot 'Em Up,7.4
猴子捞月,8.0
她和她的猫 彼女と彼女の猫,8.1
林肯 Lincoln,7.7
老友记  第九季 Friends Season 9,9.7
我要复仇 복수는 나의 것,7.9
双瞳,7.2
青春期,4.1
热天午后 Dog Day Afternoon,8.6
看得见风景的房间 A Room with a View,7.7
我老婆未满十八岁 我老婆唔够秤,6.5
商标的世界 Logorama,8.1
逃出生天,6.7
潜伏2 Insidious: Chapter 2,7.8
痞子英雄2：黎明升起 痞子英雄2：黎明再起,5.4
龙纹身的女孩 Män som hatar kvinnor,7.5
魔法奇幻秀 The Imaginarium of Doctor Parnassus,6.9
秘窗 Secret Window,7.0
自杀专卖店 Le magasin des suicides,7.0
穿越时空的爱恋,7.4
枪王 鎗王,8.1
黑店狂想曲 Delicatessen,8.1
松鼠，坚果和时间机器 No Time for Nuts,8.7
恶作剧2吻 惡作劇2吻,8.2
搞笑一家人 거침없이 하이킥!,9.4
苗翠花,7.7
死在西部的一百万种方式 A Million Ways to Die in the West,6.8
纸牌屋 第三季 House of Cards Season 3,8.3
给桃子的信 ももへの手紙,8.1
精灵鼠小弟2 Stuart Little 2,7.0
流浪猫鲍勃 A Street Cat Named Bob,8.1
全城戒备,4.4
共同警备区 공동경비구역 JSA,8.6
好想告诉你 君に届け,8.8
疑犯追踪  第一季 Person of Interest Season 1,9.1
微不足道 Big Nothing,8.2
美国黑帮 American Gangster,7.8
的士速递2 Taxi 2,7.8
亚瑟王：斗兽争霸 King Arthur: Legend of the Sword,7.1
副作用 Side Effects,7.4
娜娜2 NANA 2,6.4
夜·上海,6.6
最后的巫师猎人 The Last Witch Hunter,5.8
攻壳机动队2：无罪 攻殻機動隊2 イノセンス,9.0
伦敦生活 第一季 Fleabag Season 1,8.7
神盾局特工 第一季 Agents of S.H.I.E.L.D. Season 1,7.9
夺宝奇兵4 Indiana Jones and the Kingdom of the Crystal Skull,6.9
危城,5.6
神探亨特张,6.9
珍爱 Precious,8.1
生命之树 The Tree of Life,6.9
极地特快 The Polar Express,7.5
无翼鸟 Kiwi!,9.0
居家男人 The Family Man,8.0
女男变错身 It's a Boy Girl Thing,6.9
傻瓜 바보,7.5
特工强档 7급 공무원,6.7
落魄大厨 Chef,7.6
生人勿进 Låt den rätte komma in,7.7
福尔摩斯先生 Mr. Holmes,7.7
兔子洞 Rabbit Hole,7.3
福音战士新剧场版：序 ヱヴァンゲリヲン新劇場版：序,9.1
醉拳2 醉拳Ⅱ,7.5
行运一条龙 行運一條龍,6.6
硫磺岛的来信 Letters from Iwo Jima,8.0
魔方大厦,8.7
A计划续集 A計劃續集,7.4
明亮的星 Bright Star,7.7
时光尽头的恋人 The Age of Adaline,6.4
南郭先生,8.0
贝利叶一家 La famille Bélier,8.3
重版出来！,9.1
约会～恋爱究竟是什么呢～ デート 〜恋とはどんなものかしら〜,8.6
奶酪陷阱 치즈인더트랩,7.3
忠奸人 Donnie Brasco,8.1
一念无明 一念無明,7.9
猜火车2 T2 Trainspotting,8.0
圣殇 피에타,7.7
青春爱欲吻 Angus, Thongs and Perfect Snogging,7.2
电梯里的恶魔 Devil,6.4
埃及艳后 Cleopatra,7.7
求婚大作战特别篇 プロポーズ大作戦スペシャル,8.6
声之形 聲の形,6.9
唐顿庄园：2011圣诞特别篇 Downton Abbey: Christmas at Downton Abbey,9.2
魔女柔熙 마녀유희,6.9
醉拳,7.3
孤芳不自赏,3.1
女孩梦三十 13 Going On 30,6.9
霹雳娇娃2 Charlie's Angels: Full Throttle,6.5
诈欺游戏 ライアーゲーム,8.3
处刑人 The Boondock Saints,8.1
家有仙妻,8.2
大丈夫,7.5
007之择日而亡 Die Another Day,7.1
恐怖星球 Planet Terror,7.4
大城小事,6.3
仙履奇缘 Cinderella,8.1
那年花开月正圆,7.3
棋魂 ヒカルの碁,9.1
笑林小子2：新乌龙院 笑林小子2：新烏龍院,7.6
9号秘事 第一季 Inside No.9 Season 1,8.8
堕落的艺术 Sztuka spadania,8.6
奔跑吧！兄弟,3.3
老大 BOSS,8.6
暗恋桃花源 暗戀桃花源,8.5
绅士的品格 신사의 품격,8.2
超新约全书 Le tout nouveau testament,7.9
疤面煞星 Scarface,8.2
托斯卡纳艳阳下 Under the Tuscan Sun,8.1
我爱你,7.1
时光倒流七十年 Somewhere in Time,7.8
罪恶之城2 Sin City: A Dame to Kill For,6.7
独家新闻 Scoop,7.2
胡佛 J. Edgar,7.1
倔强萝卜,5.4
钢之炼金术师FA 鋼の錬金術師 FULLMETAL ALCHEMIST,9.5
杀人漫画 더 웹툰 : 예고살인,7.1
一半海水一半火焰,6.5
新桥恋人 Les amants du Pont-Neuf,8.1
天若有情,8.0
人类清除计划 The Purge,5.7
如果蜗牛有爱情,7.3
一个字头的诞生 一個字頭的誕生,8.3
百万富翁的初恋 백만장자의 첫사랑,6.6
环游地球八十天 Around the World in 80 Days,5.9
地球停转之日 The Day the Earth Stood Still,5.7
未生 미생,9.3
黑客帝国动画版 The Animatrix,8.7
青木瓜之味 Mùi Đu Đủ Xanh,7.8
五个扑水的少年 ウォーターボーイズ,8.4
四大名捕大结局,4.7
糊涂侦探 Get Smart,6.8
名侦探柯南：业火的向日葵 名探偵コナン 業火の向日葵,5.6
老手 베테랑,7.5
为了N Nのために,8.8
下一站…天后,6.5
伸冤人 The Equalizer,7.4
尖峰时刻3 Rush Hour 3,6.4
失忆界女王,6.2
金色梦乡 ゴールデンスランバー,8.5
小飞侠彼得潘 Peter Pan,8.1
生活多美好 It's a Wonderful Life,9.2
露水红颜,4.7
夏目友人帐 第四季 夏目友人帳 肆,9.4
求爱上上签 性感都市,5.8
绯闻女孩  第四季 Gossip Girl Season 4,7.5
空中大灌篮 Space Jam,6.9
笔仙 분신사바,6.3
尼斯湖怪：深水传说 The Water Horse,6.7
深海寻人,5.8
血色将至 There Will Be Blood,8.1
龙凤店,4.8
十万个冷笑话2,7.4
鉴证实录 鑑證實錄Ⅰ,8.5
纯真年代 The Age of Innocence,8.2
摔角王 The Wrestler,8.3
辛亥革命,6.2
柏林 베를린,7.3
机器侠,5.3
猫和老鼠 Tom and Jerry,9.6
胜者即是正义 2014SP リーガルハイ・スペシャル,8.4
逆时营救,4.8
超能失控 Chronicle,6.9
古今大战秦俑情 古今大戰秦俑情,6.8
宅 Killing Time at Home,8.3
不可饶恕 Unforgiven,8.4
箭士柳白猿,7.2
法官老爹 The Judge,7.8
科洛弗道10号 10 Cloverfield Lane,6.8
传染病 Contagion,6.4
大独裁者 The Great Dictator,8.9
滚滚红尘,8.2
冒牌天神2 Evan Almighty,6.5
十八岁的天空,6.9
巴尔扎克与小裁缝,7.8
珠光宝气 珠光寶氣,7.5
大奥,7.1
绝代双骄,7.2
江湖,6.9
摩登家庭  第三季 Modern Family Season 3,9.5
早间主播 Morning Glory,7.7
IT狂人 第二季 The IT Crowd Season 2,9.3
妙警贼探 第一季 White Collar Season 1,8.6
杀了我治愈我 킬미, 힐미,8.8
白银帝国,6.3
“吃吃”的爱,5.5
如月疑云 キサラギ,8.0
第九道门 The Ninth Gate,7.2
金氏漂流记 김씨 표류기,8.3
有种你爱我,4.7
小鬼当街 Baby's Day Out,8.1
布莱克书店 第一季 Black Books Season 1,9.0
信号 Signs,8.6
城南旧事,8.8
恋恋书中人 Ruby Sparks,7.5
奇幻精灵事件簿 The Spiderwick Chronicles,7.2
杀死一只知更鸟 To Kill a Mockingbird,8.5
年轻的维多利亚 The Young Victoria,7.3
汉尼拔 第一季 Hannibal Season 1,8.1
交响情人梦 最终乐章 后篇 のだめカンタービレ 最終楽章 後編,8.7
猫屎一号 Cat Shit One,8.2
生活大爆炸 第八季 The Big Bang Theory Season 8,8.9
007之黄金眼 GoldenEye,7.5
南方公园 South Park: Bigger Longer & Uncut,8.5
高三,8.4
王朝的女人·杨贵妃,3.6
龙的传人 龍的傳人,6.9
冬天的骨头 Winter's Bone,7.3
法证先锋,8.4
史蒂夫·乔布斯 Steve Jobs,7.2
孤岛惊魂,3.2
偷听女人心 What Women Want,7.0
意外的幸运签 カラフル,8.2
女性瘾者：第二部 Nymphomaniac: Volume II,7.7
都是天使惹的祸,6.9
谜城,5.5
希特勒回来了 Er ist wieder da,7.7
内布拉斯加 Nebraska,8.6
李献计历险记,6.4
魔卡少女樱 カードキャプターさくら,8.4
上帝保佑美国 God Bless America,7.8
人狗奇缘 마음이...,8.3
好奇害死猫,6.3
性、谎言和录像带 Sex, Lies, and Videotape,7.6
间谍同盟 Allied,7.0
鸣梁海战 명량,7.0
冲上云霄 衝上雲霄,8.2
逃狱三王 O Brother, Where Art Thou?,7.9
国际市场 국제시장,8.3
会计刺客 The Accountant,7.3
夏天的尾巴,7.1
法医秦明,7.0
绑架课 Lifted,8.6
战国,3.8
魔幻厨房,5.6
极速蜗牛 Turbo,7.1
绝世宝贝 絕世好BABY,5.7
疾速特攻 John Wick: Chapter Two,7.3
夏娃的诱惑 이브의 모든것,8.5
老妇人与死神 La dama y la Muerte,8.0
那年夏天，宁静的海 あの夏、いちばん静かな海,8.2
超脑48小时 Criminal,6.4
人间中毒 인간중독,6.3
大盗贼,9.3
白鹿原,8.8
美国恐怖故事：女巫集会 第三季 American Horror Story: Coven Season 3,7.9
外科风云,7.5
西风烈,5.9
我与梦露的一周 My Week with Marilyn,7.2
美人鱼 Aquamarine,6.5
不能没有你,8.3
猫头鹰王国：守卫者传奇 Legend of the Guardians: The Owls of Ga'Hoole,7.3
无证之罪,8.3
盲证 블라인드,7.4
蜂蜜与四叶草 ハチミツとクローバー,9.3
豪斯医生 第一季 House M.D. Season 1,8.9
哦我的鬼神大人 오 나의 귀신님,8.2
那年冬天，风在吹 그 겨울 바람이 분다,7.5
冬日恋歌 겨울연가,7.9
治愈者 힐러,8.4
触不可及,5.3
突袭2：暴徒 The Raid 2: Berandal,7.8
迫在眉梢 John Q,8.5
岳父岳母真难当 Qu'est-ce qu'on a fait au Bon Dieu?,8.0
埃及王子 The Prince of Egypt,8.0
夺宝奇兵2 Indiana Jones and the Temple of Doom,7.7
弗兰克 Frank,7.8
捕蝇纸 Flypaper,7.8
007之明日帝国 Tomorrow Never Dies,7.2
茜茜公主2 Sissi - Die junge Kaiserin,8.4
斗士 The Fighter,7.9
憨豆先生的大灾难 Bean,7.9
交响情人梦 最终乐章 前篇 のだめカンタービレ 最終楽章 前編,8.5
蝙蝠侠 Batman,7.2
愤怒的公牛 Raging Bull,8.3
饭局也疯狂,4.9
欲盖弄潮 Shelter,8.0
水果篮子 フルーツバスケット,8.5
下一站，幸福,8.0
家族的形式 家族ノカタチ,8.7
恋爱前规则,5.0
地雷区 Under sandet,8.5
舌尖上的中国 第二季,8.3
谈判专家 談判專家,7.7
父女七日变 パパとムスメの7日間,8.3
一声叹息,7.4
真爱无价 Hors de prix,7.1
嫌疑人X的献身 용의자X,7.4
名侦探柯南：纯黑的恶梦 名探偵コナン 純黒の悪夢,6.2
马男波杰克 第一季 BoJack Horseman Season 1,9.2
极限挑战 第二季,9.1
纸牌屋 第四季 House of Cards Season 4,9.0
阿呆与阿瓜 Dumb & Dumber,7.2
不要和陌生人说话,7.7
如梦,6.2
坏未来,8.1
巴巴爸爸 第一季 Les Barbapapa Season 1,9.0
名侦探柯南：第十一名前锋 名探偵コナン 11人目のストライカー,6.1
瑞克和莫蒂 第一季 Rick and Morty Season 1,9.6
数码宝贝 デジモンアドベンチャー,8.8
白色巨塔 白い巨塔,9.5
摩登家庭 第四季 Modern Family Season 4,9.4
弗里达 Frida,8.7
菊豆,7.8
林肯律师 The Lincoln Lawyer,7.7
食人鱼3D Piranha,5.8
蒂莫西的奇异生活 The Odd Life of Timothy Green,7.7
极度深寒 Deep Rising,7.3
孩子们都很好 The Kids Are All Right,7.5
生吃 Grave,7.1
行运超人,6.6
死神的精度 Sweet Rain 死神の精度,7.2
大时代 大時代,9.2
黑色大丽花 The Black Dahlia,6.5
宋家皇朝,7.7
星之声 ほしのこえ,8.2
吸血鬼猎人林肯 Abraham Lincoln: Vampire Hunter,6.3
老九门,5.6
红樱桃,7.5
海上花,8.1
寄生兽：完结篇 寄生獣 完結編,6.9
月刊少女野崎君 月刊少女野崎くん,9.2
记忆裂痕 Paycheck,7.2
濑户内海 セトウツミ,8.2
背水一战 The Last Stand,6.8
咖喱辣椒,6.9
危情十日 Misery,8.3
第七封印 Det sjunde inseglet,8.3
回归 Volver,8.1
绿野仙踪 The Wizard of Oz,8.1
面子 Saving Face,8.6
消失的松果 Gone Nutty,8.6
死神的十字路口 สี่แพร่ง,7.4
风云2 风云Ⅱ,4.8
巨人捕手杰克 Jack the Giant Slayer,6.1
刀锋战士3 Blade: Trinity,6.5
狂蟒之灾 Anaconda,6.6
孙子从美国来,8.4
深空失忆 Pandorum,7.3
101忠狗 One Hundred and One Dalmatians,8.0
极限挑战 第一季,8.9
粉红豹 The Pink Panther,7.3
脑神探 MR. BRAIN,7.9
爱情麻辣烫,7.4
出埃及记,7.1
暴疯语,5.9
无法坦诚相对 素直になれなくて,7.5
红气球 Le ballon rouge,8.8
未来战警 Surrogates,6.7
青云志,5.2
射雕英雄传,8.0
驯龙高手番外篇：龙的礼物 Dragons: Gift of the Night Fury,8.5
魔女的条件 魔女の条件,8.3
大小谎言 Big Little Lies,8.9
无处可逃 The Company You Keep,6.5
警察故事续集 警察故事續集,7.3
香蕉 Banana,8.3
十万个冷笑话 第一季,8.1
两男变错身 The Change-Up,6.7
天际浩劫 Skyline,4.4
老师的恩惠 스승의 은혜,6.7
绝种好男人,5.8
孤独的幸存者 Lone Survivor,7.9
超级八 Super 8,6.4
破绽 Fracture,7.3
怪化猫 モノノ怪,9.3
猎头游戏 Hodejegerne,7.6
小兵张嘎,7.8
新世纪福音战士剧场版：Air/真心为你 新世紀エヴァンゲリオン劇場版 Air/まごころを、君に,9.4
反贪风暴 Z風暴,5.5
一念天堂,5.3
铁拳男人 Cinderella Man,8.7
婚姻保卫战,7.7
法证先锋2 法證先鋒II,8.0
硬汉2：奉陪到底,6.4
惊声尖叫 Scream,7.0
商海通牒 Margin Call,7.8
大长今 대장금,8.0
第六日 The 6th Day,6.8
校对女孩河野悦子 地味にスゴイ！ 校閲ガール・河野悦子,7.5
机器战警 RoboCop,7.6
老笠,7.4
家，N次方,8.2
黑金,7.6
德州巴黎 Paris, Texas,8.6
戏说乾隆 戲說乾隆,8.1
战栗空间 Panic Room,7.2
歪小子斯科特对抗全世界 Scott Pilgrim vs. the World,7.0
007之黑日危机 The World Is Not Enough,7.3
雄狮 Lion,7.4
乐高蝙蝠侠大电影 The LEGO Batman Movie,8.0
香港制造,8.1
沉睡的青春 沈睡的青春,7.1
狼牙,6.1
父子,6.8
佐罗传奇 The Legend of Zorro,6.9
离开雷锋的日子,7.2
怪兽屋 Monster House,7.1
请叫我英雄 アイアムアヒーロー,7.0
神战：权力之眼 Gods of Egypt,6.5
金装四大才子 金裝四大才子,7.5
神奇燕尾服 The Tuxedo,6.0
第一滴血4 Rambo,7.2
读心神探 讀心神探,7.1
请和这个没用的我谈恋爱 ダメな私に恋してください,7.3
地雷战,8.0
超级学校霸王 超級學校霸王,7.1
惊变28周 28 Weeks Later,6.7
美丽的大脚,7.3
反叛的鲁路修R2 コードギアス 反逆のルルーシュ R2,9.1
姐弟恋 The Rebound,7.0
胜者为王 勝者為王,7.2
巴黎最后的探戈 Ultimo tango a Parigi,7.2
出水芙蓉 Bathing Beauty,8.5
航海王之黄金城 ONE PIECE FILM GOLD,7.7
八月：奥色治郡 August: Osage County,8.0
